--- Team 4
---Members : Amanul Rahiman Attar 1002071319
---          Abhishek Joshi 1002050821
---          Anushka Chandrakant Pawar 1002071263
---          Sayali Suresh Shirbahadurkar 1002069366


---1---
INSERT INTO Spring23_S003_4_persons (p_id, f_name, l_name, strt_add, apt#, city, state, zipcode, email, dob, phn#) VALUES ('P10064', 'Tiffani', 'Grombridge', '5757 Starling Way', 'Suite 62', 'El Paso', 'Texas', '88530', 'tgrombridge1r@artisteer.com', '6-Apr-85', '9158631857');
INSERT INTO Spring23_S003_4_persons (p_id, f_name, l_name, strt_add, apt#, city, state, zipcode, email, dob, phn#) VALUES ('P10065', 'Leeanne', 'Ruppel', '213 Dexter Trail', '', 'Austin', 'Texas', '78778', 'lruppel1s@msn.com', '29-Jan-54', '5121939783');
INSERT INTO Spring23_S003_4_persons (p_id, f_name, l_name, strt_add, apt#, city, state, zipcode, email, dob, phn#) VALUES ('P10066', 'Sibylle', 'Phillipps', '627 Anthes Terrace', '', 'Lubbock', 'Texas', '79415', 'sphillipps1t@amazon.com', '15-Feb-62', '8064194244');
INSERT INTO Spring23_S003_4_persons (p_id, f_name, l_name, strt_add, apt#, city, state, zipcode, email, dob, phn#) VALUES ('P10067', 'Karyl', 'Bengtsson', '9 Ilene Park', 'Apt 1895', 'Houston', 'Texas', '77065', 'kbengtsson1u@eepurl.com', '2-Aug-80', '2811443766');
INSERT INTO Spring23_S003_4_persons (p_id, f_name, l_name, strt_add, apt#, city, state, zipcode, email, dob, phn#) VALUES ('P10068', 'Stacy', 'Albiston', '2690 Eastwood Avenue', '15th Floor', 'Houston', 'Texas', '77218', 'salbiston1v@dmoz.org', '1-Oct-00', '7139329292');
INSERT INTO Spring23_S003_4_persons (p_id, f_name, l_name, strt_add, apt#, city, state, zipcode, email, dob, phn#) VALUES ('P10069', 'Jenna', 'Dwyr', '5532 Mockingbird Drive', '', 'Fort Worth', 'Texas', '76110', 'jdwyr1w@arizona.edu', '7-Jul-46', '8177737061');
INSERT INTO Spring23_S003_4_persons (p_id, f_name, l_name, strt_add, apt#, city, state, zipcode, email, dob, phn#) VALUES ('P10070', 'Rollins', 'Smye', '43688 Waubesa Drive', '', 'Mesquite', 'Texas', '75185', 'rsmye1x@nydailynews.com', '3-Nov-58', '2147099497');
INSERT INTO Spring23_S003_4_persons (p_id, f_name, l_name, strt_add, apt#, city, state, zipcode, email, dob, phn#) VALUES ('P10071', 'Hersh', 'Ventham', '41604 East Place', 'Apt 926', 'Abilene', 'Texas', '79605', 'hventham1y@issuu.com', '2-Sep-00', '3253515252');
INSERT INTO Spring23_S003_4_persons (p_id, f_name, l_name, strt_add, apt#, city, state, zipcode, email, dob, phn#) VALUES ('P10072', 'Lorant', 'Georgel', '886 Scoville Crossing', 'PO Box 91752', 'Austin', 'Texas', '78732', 'lgeorgel1z@upenn.edu', '12-Aug-69', '5127054550');
INSERT INTO Spring23_S003_4_persons (p_id, f_name, l_name, strt_add, apt#, city, state, zipcode, email, dob, phn#) VALUES ('P10073', 'Esmaria', 'Gerald', '1356 Porter Circle', 'Apt 609', 'Dallas', 'Texas', '75246', 'egerald20@wisc.edu', '28-Dec-57', '9729997808');
INSERT INTO Spring23_S003_4_persons (p_id, f_name, l_name, strt_add, apt#, city, state, zipcode, email, dob, phn#) VALUES ('P10074', 'Rowe', 'Blandamere', '8 Ridgeway Point', 'Room 565', 'Houston', 'Texas', '77276', 'rblandamere21@issuu.com', '1-Oct-44', '7135442183');
INSERT INTO Spring23_S003_4_persons (p_id, f_name, l_name, strt_add, apt#, city, state, zipcode, email, dob, phn#) VALUES ('P10075', 'Milo', 'Addington', '61975 Mcguire Junction', '', 'Houston', 'Texas', '77080', 'maddington22@tinypic.com', '28-Mar-65', '8321815115');
INSERT INTO Spring23_S003_4_persons (p_id, f_name, l_name, strt_add, apt#, city, state, zipcode, email, dob, phn#) VALUES ('P10076', 'Kessiah', 'Cafferty', '023 Longview Park', '15th Floor', 'Fort Worth', 'Texas', '76110', 'kcafferty23@yandex.ru', '18-Aug-82', '6827103406');
INSERT INTO Spring23_S003_4_persons (p_id, f_name, l_name, strt_add, apt#, city, state, zipcode, email, dob, phn#) VALUES ('P10077', 'Stanfield', 'De la Perrelle', '9073 Schlimgen Trail', '', 'College Station', 'Texas', '77844', 'sdelaperrelle24@usatoday.com', '7-Aug-81', '9794638608');
INSERT INTO Spring23_S003_4_persons (p_id, f_name, l_name, strt_add, apt#, city, state, zipcode, email, dob, phn#) VALUES ('P10078', 'Babara', 'Janowicz', '03 Morrow Plaza', '15th Floor', 'Fort Worth', 'Texas', '76129', 'bjanowicz25@nba.com', '11-Oct-99', '8179893535');
INSERT INTO Spring23_S003_4_persons (p_id, f_name, l_name, strt_add, apt#, city, state, zipcode, email, dob, phn#) VALUES ('P10079', 'Corbin', 'Crook', '732 1st Crossing', '6th Floor', 'Tyler', 'Texas', '75705', 'ccrook26@cyberchimps.com', '1-Feb-91', '9038497647');
INSERT INTO Spring23_S003_4_persons (p_id, f_name, l_name, strt_add, apt#, city, state, zipcode, email, dob, phn#) VALUES ('P10080', 'Randolf', 'Sambals', '3 Amoth Avenue', '', 'Amarillo', 'Texas', '79118', 'rsambals27@gravatar.com', '9-Jan-79', '8065566179');
INSERT INTO Spring23_S003_4_persons (p_id, f_name, l_name, strt_add, apt#, city, state, zipcode, email, dob, phn#) VALUES ('P10081', 'Arvie', 'Dawber', '1 Annamark Place', '', 'El Paso', 'Texas', '88530', 'adawber28@youtu.be', '19-Dec-96', '9152943230');
INSERT INTO Spring23_S003_4_persons (p_id, f_name, l_name, strt_add, apt#, city, state, zipcode, email, dob, phn#) VALUES ('P10082', 'Midge', 'Karchewski', '076 Quincy Lane', '', 'Dallas', 'Texas', '75246', 'mkarchewski29@csmonitor.com', '8-Jun-95', '9726604342');
INSERT INTO Spring23_S003_4_persons (p_id, f_name, l_name, strt_add, apt#, city, state, zipcode, email, dob, phn#) VALUES ('P10083', 'Addia', 'Klemmt', '24 Ridgeway Park', '', 'Arlington', 'Texas', '76016', 'aklemmt2a@usa.gov', '17-Jan-84', '7136559901');
INSERT INTO Spring23_S003_4_persons (p_id, f_name, l_name, strt_add, apt#, city, state, zipcode, email, dob, phn#) VALUES ('P10084', 'Lettie', 'Hurtic', '9 Mesta Junction', 'PO Box 63114', 'Houston', 'Texas', '77206', 'lhurtic2b@lulu.com', '16-Aug-84', '7134239552');
INSERT INTO Spring23_S003_4_persons (p_id, f_name, l_name, strt_add, apt#, city, state, zipcode, email, dob, phn#) VALUES ('P10085', 'Cherida', 'Goracci', '965 Ludington Place', 'PO Box 65906', 'Houston', 'Texas', '77045', 'cgoracci2c@paypal.com', '7-Apr-44', '2815630346');
INSERT INTO Spring23_S003_4_persons (p_id, f_name, l_name, strt_add, apt#, city, state, zipcode, email, dob, phn#) VALUES ('P10086', 'Tommy', 'Thorington', '388 Hollow Ridge Point', '2nd Floor', 'Amarillo', 'Texas', '79176', 'tthorington2d@shutterfly.com', '18-Aug-50', '8069744399');
INSERT INTO Spring23_S003_4_persons (p_id, f_name, l_name, strt_add, apt#, city, state, zipcode, email, dob, phn#) VALUES ('P10087', 'Ashleigh', 'Largent', '42 Randy Circle', '', 'El Paso', 'Texas', '88589', 'alargent2e@umn.edu', '27-Dec-97', '9159481822');
INSERT INTO Spring23_S003_4_persons (p_id, f_name, l_name, strt_add, apt#, city, state, zipcode, email, dob, phn#) VALUES ('P10088', 'Brooke', 'McSharry', '0413 Oak Valley Crossing', 'Room 1392', 'El Paso', 'Texas', '88525', 'bmcsharry2f@abc.net.au', '1-May-89', '9159314570');
INSERT INTO Spring23_S003_4_persons (p_id, f_name, l_name, strt_add, apt#, city, state, zipcode, email, dob, phn#) VALUES ('P10089', 'Carroll', 'McCoughan', '2 Cottonwood Circle', 'Suite 73', 'Plano', 'Texas', '75074', 'cmccoughan2g@google.nl', '6-Mar-84', '4699793000');
INSERT INTO Spring23_S003_4_persons (p_id, f_name, l_name, strt_add, apt#, city, state, zipcode, email, dob, phn#) VALUES ('P10090', 'Broderic', 'Briggs', '428 Muir Alley', '', 'El Paso', 'Texas', '88558', 'bbriggs2h@wikimedia.org', '9-Jan-87', '9159834245');
INSERT INTO Spring23_S003_4_persons (p_id, f_name, l_name, strt_add, apt#, city, state, zipcode, email, dob, phn#) VALUES ('P10091', 'Fayette', 'Vannoni', '3213 Fuller Point', '', 'El Paso', 'Texas', '79968', 'fvannoni2i@boston.com', '23-Jun-86', '9152466211');
INSERT INTO Spring23_S003_4_persons (p_id, f_name, l_name, strt_add, apt#, city, state, zipcode, email, dob, phn#) VALUES ('P10092', 'Celeste', 'Fairbank', '7157 Cardinal Parkway', '', 'Spring', 'Texas', '77386', 'cfairbank2j@msu.edu', '10-May-82', '8329943124');
INSERT INTO Spring23_S003_4_persons (p_id, f_name, l_name, strt_add, apt#, city, state, zipcode, email, dob, phn#) VALUES ('P10093', 'Henka', 'Pagel', '984 Mallory Hill', '', 'El Paso', 'Texas', '88569', 'hpagel2k@uol.com.br', '4-Aug-78', '9157100696');
INSERT INTO Spring23_S003_4_persons (p_id, f_name, l_name, strt_add, apt#, city, state, zipcode, email, dob, phn#) VALUES ('P10094', 'Wilbert', 'Firk', '90 Summer Ridge Street', '', 'Houston', 'Texas', '77035', 'wfirk2l@cmu.edu', '31-Oct-01', '2818855890');
INSERT INTO Spring23_S003_4_persons (p_id, f_name, l_name, strt_add, apt#, city, state, zipcode, email, dob, phn#) VALUES ('P10095', 'Ave', 'Absalom', '1 Mcguire Lane', '20th Floor', 'El Paso', 'Texas', '79984', 'aabsalom2m@hao123.com', '6-Feb-67', '9158103656');
INSERT INTO Spring23_S003_4_persons (p_id, f_name, l_name, strt_add, apt#, city, state, zipcode, email, dob, phn#) VALUES ('P10096', 'Liza', 'Sivorn', '6 Westport Drive', '20th Floor', 'Spring', 'Texas', '77386', 'lsivorn2n@wikipedia.org', '15-Oct-54', '8323854969');
INSERT INTO Spring23_S003_4_persons (p_id, f_name, l_name, strt_add, apt#, city, state, zipcode, email, dob, phn#) VALUES ('P10097', 'Booth', 'Buckeridge', '11116 Gulseth Place', 'Room 414', 'Fort Worth', 'Texas', '76134', 'bbuckeridge2o@people.com.cn', '11-Nov-92', '8176069158');
INSERT INTO Spring23_S003_4_persons (p_id, f_name, l_name, strt_add, apt#, city, state, zipcode, email, dob, phn#) VALUES ('P10098', 'Chaddie', 'Naisbit', '4290 Roxbury Alley', 'Suite 26', 'Dallas', 'Texas', '75231', 'cnaisbit2p@tripod.com', '5-Sep-73', '4694036063');
INSERT INTO Spring23_S003_4_persons (p_id, f_name, l_name, strt_add, apt#, city, state, zipcode, email, dob, phn#) VALUES ('P10099', 'Jabez', 'West', '152 Sundown Way', 'Apt 1679', 'San Antonio', 'Texas', '78291', 'jwest2q@sbwire.com', '13-Jun-95', '2103885246');
INSERT INTO Spring23_S003_4_persons (p_id, f_name, l_name, strt_add, apt#, city, state, zipcode, email, dob, phn#) VALUES ('P100100', 'Suzette', 'Gianni', '63502 Valley Edge Place', 'Room 588', 'El Paso', 'Texas', '88530', 'sgianni2r@cnbc.com', '18-Jun-06', '9154487543');
INSERT INTO Spring23_S003_4_persons (p_id, f_name, l_name, strt_add, apt#, city, state, zipcode, email, dob, phn#) VALUES ('P100101', 'Milicent', 'Reddihough', '7305 Maple Wood Alley', 'Room 621', 'College Station', 'Texas', '77844', 'mreddihough2s@thetimes.co.uk', '17-Aug-49', '9791916093');
INSERT INTO Spring23_S003_4_persons (p_id, f_name, l_name, strt_add, apt#, city, state, zipcode, email, dob, phn#) VALUES ('P100102', 'Larine', 'Dewhurst', '5 Boyd Drive', 'Apt 506', 'Houston', 'Texas', '77281', 'ldewhurst2t@nih.gov', '3-Apr-87', '7138114002');
INSERT INTO Spring23_S003_4_persons (p_id, f_name, l_name, strt_add, apt#, city, state, zipcode, email, dob, phn#) VALUES ('P100103', 'Karilynn', 'Locks', '0 Gina Center', '11th Floor', 'Amarillo', 'Texas', '79118', 'klocks2u@vistaprint.com', '16-Jul-94', '8064017028');
INSERT INTO Spring23_S003_4_persons (p_id, f_name, l_name, strt_add, apt#, city, state, zipcode, email, dob, phn#) VALUES ('P100104', 'Libbey', 'Yglesia', '647 Packers Avenue', 'Suite 90', 'Houston', 'Texas', '77055', 'lyglesia2v@sakura.ne.jp', '3-Aug-93', '8328791054');
INSERT INTO Spring23_S003_4_persons (p_id, f_name, l_name, strt_add, apt#, city, state, zipcode, email, dob, phn#) VALUES ('P100105', 'Audy', 'MacDonagh', '21 Dryden Alley', '17th Floor', 'San Angelo', 'Texas', '76905', 'amacdonagh2w@cam.ac.uk', '18-Jun-60', '3252515049');
INSERT INTO Spring23_S003_4_persons (p_id, f_name, l_name, strt_add, apt#, city, state, zipcode, email, dob, phn#) VALUES ('P100106', 'Beilul', 'Kitteman', '3772 Haas Road', '3rd Floor', 'Midland', 'Texas', '79710', 'bkitteman2x@wunderground.com', '5-Jun-05', '4324704354');
INSERT INTO Spring23_S003_4_persons (p_id, f_name, l_name, strt_add, apt#, city, state, zipcode, email, dob, phn#) VALUES ('P100107', 'Dominik', 'Postin', '05802 Luster Place', 'Suite 55', 'Wichita Falls', 'Texas', '76310', 'dpostin2y@github.com', '2-Oct-98', '9402901852');
INSERT INTO Spring23_S003_4_persons (p_id, f_name, l_name, strt_add, apt#, city, state, zipcode, email, dob, phn#) VALUES ('P100108', 'Melosa', 'Andrioli', '7098 Kennedy Place', '', 'Mesquite', 'Texas', '75185', 'mandrioli2z@reference.com', '1-Jun-76', '2145185698');
INSERT INTO Spring23_S003_4_persons (p_id, f_name, l_name, strt_add, apt#, city, state, zipcode, email, dob, phn#) VALUES ('P100109', 'Serene', 'Jeffes', '7 Bonner Road', '', 'Fort Worth', 'Texas', '76129', 'sjeffes30@ucla.edu', '10-Jul-58', '8179337526');
INSERT INTO Spring23_S003_4_persons (p_id, f_name, l_name, strt_add, apt#, city, state, zipcode, email, dob, phn#) VALUES ('P100110', 'Laney', 'Crock', '4703 Anderson Avenue', '19th Floor', 'El Paso', 'Texas', '88514', 'lcrock31@paypal.com', '10-Feb-73', '9156786741');
INSERT INTO Spring23_S003_4_persons (p_id, f_name, l_name, strt_add, apt#, city, state, zipcode, email, dob, phn#) VALUES ('P100111', 'Kirby', 'Sears', '7 Ridgeway Point', 'Apt 1538', 'Houston', 'Texas', '77234', 'ksears32@google.com.br', '9-May-70', '7134427730');
INSERT INTO Spring23_S003_4_persons (p_id, f_name, l_name, strt_add, apt#, city, state, zipcode, email, dob, phn#) VALUES ('P100112', 'Vale', 'Corselles', '658 Coleman Point', '', 'San Antonio', 'Texas', '78235', 'vcorselles33@imdb.com', '12-Dec-93', '2101723641');
INSERT INTO Spring23_S003_4_persons (p_id, f_name, l_name, strt_add, apt#, city, state, zipcode, email, dob, phn#) VALUES ('P100113', 'Katherine', 'Silverlock', '33 Westerfield Court', 'PO Box 5333', 'San Antonio', 'Texas', '78296', 'ksilverlock34@hexun.com', '13-May-50', '2103751792');
INSERT INTO Spring23_S003_4_persons (p_id, f_name, l_name, strt_add, apt#, city, state, zipcode, email, dob, phn#) VALUES ('P100114', 'Reynold', 'Shelbourne', '07 Harper Junction', '', 'Houston', 'Texas', '77223', 'rshelbourne35@census.gov', '7-May-83', '7135437530');
INSERT INTO Spring23_S003_4_persons (p_id, f_name, l_name, strt_add, apt#, city, state, zipcode, email, dob, phn#) VALUES ('P100115', 'Chadd', 'Rawsen', '39854 Village Hill', '10th Floor', 'Fort Worth', 'Texas', '76178', 'crawsen36@cornell.edu', '2-Feb-91', '6821705073');
INSERT INTO Spring23_S003_4_persons (p_id, f_name, l_name, strt_add, apt#, city, state, zipcode, email, dob, phn#) VALUES ('P100116', 'Easter', 'Sharpless', '087 Lindbergh Plaza', 'Room 1257', 'Waco', 'Texas', '76796', 'esharpless37@surveymonkey.com', '4-Jan-48', '2547769647');
INSERT INTO Spring23_S003_4_persons (p_id, f_name, l_name, strt_add, apt#, city, state, zipcode, email, dob, phn#) VALUES ('P100117', 'Janela', 'Warsap', '90748 Dahle Junction', 'PO Box 908', 'El Paso', 'Texas', '88525', 'jwarsap38@so-net.ne.jp', '25-Jul-47', '9156656240');
INSERT INTO Spring23_S003_4_persons (p_id, f_name, l_name, strt_add, apt#, city, state, zipcode, email, dob, phn#) VALUES ('P100118', 'Christos', 'Jerrand', '06872 Talmadge Drive', 'Apt 1867', 'Corpus Christi', 'Texas', '78470', 'cjerrand39@example.com', '2-Jul-49', '3614597904');
INSERT INTO Spring23_S003_4_persons (p_id, f_name, l_name, strt_add, apt#, city, state, zipcode, email, dob, phn#) VALUES ('P100119', 'Ferdinande', 'Stainland', '55 Montana Drive', 'Suite 72', 'Houston', 'Texas', '77050', 'fstainland3a@xing.com', '16-Feb-69', '2819114361');
INSERT INTO Spring23_S003_4_persons (p_id, f_name, l_name, strt_add, apt#, city, state, zipcode, email, dob, phn#) VALUES ('P100120', 'Nicky', 'Joscelin', '22 Burrows Alley', '', 'Odessa', 'Texas', '79769', 'njoscelin3b@seesaa.net', '31-Jan-00', '4328288740');
INSERT INTO Spring23_S003_4_persons (p_id, f_name, l_name, strt_add, apt#, city, state, zipcode, email, dob, phn#) VALUES ('P100121', 'Saw', 'Mattedi', '4 Pleasure Park', '', 'Dallas', 'Texas', '75287', 'smattedi3c@narod.ru', '22-Jul-61', '4692365857');
INSERT INTO Spring23_S003_4_persons (p_id, f_name, l_name, strt_add, apt#, city, state, zipcode, email, dob, phn#) VALUES ('P100122', 'Kizzee', 'Mauchlen', '721 6th Court', 'PO Box 67802', 'Dallas', 'Texas', '75358', 'kmauchlen3d@gmpg.org', '22-Nov-46', '2145006057');
INSERT INTO Spring23_S003_4_persons (p_id, f_name, l_name, strt_add, apt#, city, state, zipcode, email, dob, phn#) VALUES ('P100123', 'Aurelie', 'Janca', '2941 Oak Center', 'Suite 49', 'Lubbock', 'Texas', '79405', 'ajanca3e@chronoengine.com', '29-Mar-56', '8068147243');
INSERT INTO Spring23_S003_4_persons (p_id, f_name, l_name, strt_add, apt#, city, state, zipcode, email, dob, phn#) VALUES ('P100124', 'Edlin', 'Bramwell', '421 Summer Ridge Hill', 'Room 672', 'El Paso', 'Texas', '88541', 'ebramwell3f@phpbb.com', '27-Jun-47', '9152111704');
INSERT INTO Spring23_S003_4_persons (p_id, f_name, l_name, strt_add, apt#, city, state, zipcode, email, dob, phn#) VALUES ('P100125', 'Clemens', 'McArte', '44 Eagan Avenue', 'Apt 1639', 'Austin', 'Texas', '78769', 'cmcarte3g@naver.com', '8-Jul-53', '5125126666');
INSERT INTO Spring23_S003_4_persons (p_id, f_name, l_name, strt_add, apt#, city, state, zipcode, email, dob, phn#) VALUES ('P100126', 'Wilona', 'Neads', '90 Vernon Hill', '', 'Austin', 'Texas', '78726', 'wneads3h@va.gov', '28-Jul-69', '5129274654');
INSERT INTO Spring23_S003_4_persons (p_id, f_name, l_name, strt_add, apt#, city, state, zipcode, email, dob, phn#) VALUES ('P100127', 'Demetria', 'Yonge', '58513 Onsgard Pass', 'Room 500', 'Fort Worth', 'Texas', '76105', 'dyonge3i@unicef.org', '9-Oct-63', '6822142103');
INSERT INTO Spring23_S003_4_persons (p_id, f_name, l_name, strt_add, apt#, city, state, zipcode, email, dob, phn#) VALUES ('P100128', 'Paxton', 'Davenhill', '23456 Maryland Street', 'Room 845', 'San Antonio', 'Texas', '78235', 'pdavenhill3j@arstechnica.com', '27-Jan-54', '2103529052');
INSERT INTO Spring23_S003_4_persons (p_id, f_name, l_name, strt_add, apt#, city, state, zipcode, email, dob, phn#) VALUES ('P100129', 'Sherlocke', 'Gauche', '0 Shopko Parkway', 'Suite 5', 'El Paso', 'Texas', '88579', 'sgauche3k@amazon.co.uk', '8-Jan-68', '9155826187');
INSERT INTO Spring23_S003_4_persons (p_id, f_name, l_name, strt_add, apt#, city, state, zipcode, email, dob, phn#) VALUES ('P100130', 'Millicent', 'Deval', '01419 Saint Paul Place', 'Suite 27', 'El Paso', 'Texas', '79999', 'mdeval3l@ycombinator.com', '17-Oct-69', '9156192143');
INSERT INTO Spring23_S003_4_persons (p_id, f_name, l_name, strt_add, apt#, city, state, zipcode, email, dob, phn#) VALUES ('P100131', 'Torey', 'Urian', '9384 Lillian Parkway', 'PO Box 94833', 'Houston', 'Texas', '77276', 'turian3m@godaddy.com', '21-Feb-62', '7138205110');
INSERT INTO Spring23_S003_4_persons (p_id, f_name, l_name, strt_add, apt#, city, state, zipcode, email, dob, phn#) VALUES ('P100132', 'Georgiana', 'Whitechurch', '335 Crowley Plaza', 'Room 1875', 'San Antonio', 'Texas', '78245', 'gwhitechurch3n@goodreads.com', '14-Jan-81', '2106839232');
INSERT INTO Spring23_S003_4_persons (p_id, f_name, l_name, strt_add, apt#, city, state, zipcode, email, dob, phn#) VALUES ('P100133', 'Elwira', 'Whiteside', '9 Harbort Plaza', '', 'Texarkana', 'Texas', '75507', 'ewhiteside3o@tumblr.com', '25-Mar-65', '9034506247');
INSERT INTO Spring23_S003_4_persons (p_id, f_name, l_name, strt_add, apt#, city, state, zipcode, email, dob, phn#) VALUES ('P100134', 'Celie', 'Moger', '58775 Alpine Place', 'Suite 39', 'Beaumont', 'Texas', '77713', 'cmoger3p@gizmodo.com', '10-Aug-52', '4098426659');
INSERT INTO Spring23_S003_4_persons (p_id, f_name, l_name, strt_add, apt#, city, state, zipcode, email, dob, phn#) VALUES ('P100135', 'Mychal', 'Banaszczyk', '75735 Merrick Parkway', '7th Floor', 'Dallas', 'Texas', '75251', 'mbanaszczyk3q@twitter.com', '4-Jul-74', '4694305757');
INSERT INTO Spring23_S003_4_persons (p_id, f_name, l_name, strt_add, apt#, city, state, zipcode, email, dob, phn#) VALUES ('P100136', 'Roma', 'Dannett', '19818 Myrtle Way', '17th Floor', 'El Paso', 'Texas', '88584', 'rdannett3r@wordpress.com', '24-Nov-71', '9159733135');
INSERT INTO Spring23_S003_4_persons (p_id, f_name, l_name, strt_add, apt#, city, state, zipcode, email, dob, phn#) VALUES ('P100137', 'Lanie', 'Sugarman', '66 Emmet Point', 'Room 1721', 'Corpus Christi', 'Texas', '78405', 'lsugarman3s@sbwire.com', '15-Mar-81', '3612021398');
INSERT INTO Spring23_S003_4_persons (p_id, f_name, l_name, strt_add, apt#, city, state, zipcode, email, dob, phn#) VALUES ('P100138', 'Loree', 'Rosenbusch', '8 Beilfuss Alley', '14th Floor', 'Houston', 'Texas', '77035', 'lrosenbusch3t@hao123.com', '14-Oct-60', '2817040349');
INSERT INTO Spring23_S003_4_persons (p_id, f_name, l_name, strt_add, apt#, city, state, zipcode, email, dob, phn#) VALUES ('P100139', 'Wilhelmine', 'Mogie', '5 Stone Corner Alley', 'PO Box 71365', 'Houston', 'Texas', '77085', 'wmogie3u@icio.us', '17-Mar-53', '7131815214');
INSERT INTO Spring23_S003_4_persons (p_id, f_name, l_name, strt_add, apt#, city, state, zipcode, email, dob, phn#) VALUES ('P100140', 'Iggy', 'McCard', '232 Lighthouse Bay Junction', '', 'Fort Worth', 'Texas', '76121', 'imccard3v@i2i.jp', '10-Apr-49', '8178080671');
INSERT INTO Spring23_S003_4_persons (p_id, f_name, l_name, strt_add, apt#, city, state, zipcode, email, dob, phn#) VALUES ('P100141', 'Damon', 'Lis', '32682 Hermina Crossing', 'Suite 53', 'El Paso', 'Texas', '88535', 'dlis3w@pinterest.com', '25-Nov-56', '9151016789');
INSERT INTO Spring23_S003_4_persons (p_id, f_name, l_name, strt_add, apt#, city, state, zipcode, email, dob, phn#) VALUES ('P100142', 'Becki', 'Sarra', '66 Claremont Hill', '', 'San Antonio', 'Texas', '78210', 'bsarra3x@reddit.com', '27-Jun-54', '2104003758');
INSERT INTO Spring23_S003_4_persons (p_id, f_name, l_name, strt_add, apt#, city, state, zipcode, email, dob, phn#) VALUES ('P100143', 'Franni', 'Trelease', '15592 Corry Pass', 'Suite 89', 'Dallas', 'Texas', '75379', 'ftrelease3y@jimdo.com', '2-Dec-53', '2143796343');
INSERT INTO Spring23_S003_4_persons (p_id, f_name, l_name, strt_add, apt#, city, state, zipcode, email, dob, phn#) VALUES ('P100144', 'Freedman', 'Lanfare', '83945 South Terrace', '13th Floor', 'Abilene', 'Texas', '79699', 'flanfare3z@slate.com', '16-Nov-92', '3251174982');
INSERT INTO Spring23_S003_4_persons (p_id, f_name, l_name, strt_add, apt#, city, state, zipcode, email, dob, phn#) VALUES ('P100145', 'Agace', 'Chalker', '13280 Almo Parkway', '', 'Amarillo', 'Texas', '79171', 'achalker40@biglobe.ne.jp', '19-Aug-83', '8068106484');
INSERT INTO Spring23_S003_4_persons (p_id, f_name, l_name, strt_add, apt#, city, state, zipcode, email, dob, phn#) VALUES ('P100146', 'Kiri', 'Tavernor', '7 International Circle', '', 'Austin', 'Texas', '78721', 'ktavernor41@i2i.jp', '19-Feb-89', '5127344774');
INSERT INTO Spring23_S003_4_persons (p_id, f_name, l_name, strt_add, apt#, city, state, zipcode, email, dob, phn#) VALUES ('P100147', 'Tuckie', 'Borham', '2 Cody Drive', 'Suite 75', 'Plano', 'Texas', '75074', 'tborham42@aboutads.info', '16-Dec-62', '2149788418');
INSERT INTO Spring23_S003_4_persons (p_id, f_name, l_name, strt_add, apt#, city, state, zipcode, email, dob, phn#) VALUES ('P100148', 'Gerrilee', 'Kundt', '84 Victoria Drive', '', 'Dallas', 'Texas', '75358', 'gkundt43@ycombinator.com', '9-Jun-83', '2149955940');
INSERT INTO Spring23_S003_4_persons (p_id, f_name, l_name, strt_add, apt#, city, state, zipcode, email, dob, phn#) VALUES ('P100149', 'Leann', 'Breddy', '092 Coolidge Trail', 'Room 1837', 'Austin', 'Texas', '78732', 'lbreddy44@gmpg.org', '24-Feb-95', '5124207725');
INSERT INTO Spring23_S003_4_persons (p_id, f_name, l_name, strt_add, apt#, city, state, zipcode, email, dob, phn#) VALUES ('P100150', 'Yardley', 'de Juares', '8468 Quincy Crossing', 'PO Box 56149', 'Katy', 'Texas', '77493', 'ydejuares45@twitter.com', '18-Apr-55', '2814301167');
INSERT INTO Spring23_S003_4_persons (p_id, f_name, l_name, strt_add, apt#, city, state, zipcode, email, dob, phn#) VALUES ('P100151', 'Godart', 'Effnert', '2737 Troy Alley', '', 'Houston', 'Texas', '77080', 'geffnert46@imgur.com', '3-Mar-93', '8326981787');
INSERT INTO Spring23_S003_4_persons (p_id, f_name, l_name, strt_add, apt#, city, state, zipcode, email, dob, phn#) VALUES ('P100152', 'Maurice', 'Sebastian', '4 Columbus Hill', 'Room 1598', 'Dallas', 'Texas', '75226', 'msebastian47@time.com', '30-Jan-61', '4697495182');
INSERT INTO Spring23_S003_4_persons (p_id, f_name, l_name, strt_add, apt#, city, state, zipcode, email, dob, phn#) VALUES ('P100153', 'Rupert', 'Pershouse', '425 Merchant Junction', '', 'Lubbock', 'Texas', '79405', 'rpershouse48@meetup.com', '14-Mar-92', '8069757764');
INSERT INTO Spring23_S003_4_persons (p_id, f_name, l_name, strt_add, apt#, city, state, zipcode, email, dob, phn#) VALUES ('P100154', 'Milissent', 'Southey', '632 Amoth Parkway', 'Suite 99', 'Amarillo', 'Texas', '79118', 'msouthey49@dell.com', '2-Oct-76', '8062679440');
INSERT INTO Spring23_S003_4_persons (p_id, f_name, l_name, strt_add, apt#, city, state, zipcode, email, dob, phn#) VALUES ('P100155', 'Phillie', 'Sivell', '37 Mendota Junction', '', 'Austin', 'Texas', '78715', 'psivell4a@utexas.edu', '31-Aug-84', '5123382518');
INSERT INTO Spring23_S003_4_persons (p_id, f_name, l_name, strt_add, apt#, city, state, zipcode, email, dob, phn#) VALUES ('P100156', 'Ira', 'Heenan', '25412 Sunfield Junction', '', 'San Antonio', 'Texas', '78220', 'iheenan4b@state.gov', '24-Nov-59', '2101095214');
INSERT INTO Spring23_S003_4_persons (p_id, f_name, l_name, strt_add, apt#, city, state, zipcode, email, dob, phn#) VALUES ('P100157', 'Hilly', 'Serraillier', '002 Derek Hill', '', 'Austin', 'Texas', '78744', 'hserraillier4c@ameblo.jp', '31-May-49', '3612508577');
INSERT INTO Spring23_S003_4_persons (p_id, f_name, l_name, strt_add, apt#, city, state, zipcode, email, dob, phn#) VALUES ('P100158', 'Sallyann', 'Brounsell', '25 Bunting Way', 'Room 1117', 'Fort Worth', 'Texas', '76110', 'sbrounsell4d@virginia.edu', '24-May-64', '8177530137');
INSERT INTO Spring23_S003_4_persons (p_id, f_name, l_name, strt_add, apt#, city, state, zipcode, email, dob, phn#) VALUES ('P100159', 'Travus', 'McTrustie', '118 Reindahl Park', '', 'San Antonio', 'Texas', '78285', 'tmctrustie4e@fotki.com', '4-Jul-89', '2105438207');
INSERT INTO Spring23_S003_4_persons (p_id, f_name, l_name, strt_add, apt#, city, state, zipcode, email, dob, phn#) VALUES ('P100160', 'Myrna', 'Adess', '2 Menomonie Center', 'Suite 98', 'Dallas', 'Texas', '75265', 'madess4f@umn.edu', '28-Oct-59', '2149777249');
INSERT INTO Spring23_S003_4_persons (p_id, f_name, l_name, strt_add, apt#, city, state, zipcode, email, dob, phn#) VALUES ('P100161', 'Denny', 'Gibling', '8063 Pawling Way', '', 'Corpus Christi', 'Texas', '78470', 'dgibling4g@google.com.hk', '6-Dec-89', '3612725258');
INSERT INTO Spring23_S003_4_persons (p_id, f_name, l_name, strt_add, apt#, city, state, zipcode, email, dob, phn#) VALUES ('P100162', 'Florinda', 'Mousley', '96 Butterfield Parkway', 'PO Box 1070', 'Lubbock', 'Texas', '79491', 'fmousley4h@army.mil', '14-Sep-45', '8067698760');
INSERT INTO Spring23_S003_4_persons (p_id, f_name, l_name, strt_add, apt#, city, state, zipcode, email, dob, phn#) VALUES ('P100163', 'Jobyna', 'Oller', '8132 Delaware Junction', '', 'Amarillo', 'Texas', '79165', 'joller4i@businesswire.com', '15-Jul-45', '8066322489');
INSERT INTO Spring23_S003_4_persons (p_id, f_name, l_name, strt_add, apt#, city, state, zipcode, email, dob, phn#) VALUES ('P100164', 'Andrus', 'Carty', '8852 Forest Run Lane', '', 'Amarillo', 'Texas', '79188', 'acarty4j@addtoany.com', '19-Aug-76', '8064003696');
INSERT INTO Spring23_S003_4_persons (p_id, f_name, l_name, strt_add, apt#, city, state, zipcode, email, dob, phn#) VALUES ('P100165', 'Celisse', 'Taffarello', '29 Algoma Point', 'Apt 1199', 'Garland', 'Texas', '75049', 'ctaffarello4k@oaic.gov.au', '19-Mar-97', '2141836468');
INSERT INTO Spring23_S003_4_persons (p_id, f_name, l_name, strt_add, apt#, city, state, zipcode, email, dob, phn#) VALUES ('P100166', 'Brendon', 'Doole', '212 Village Green Place', '', 'El Paso', 'Texas', '79905', 'bdoole4l@gnu.org', '26-Nov-63', '9157085985');
INSERT INTO Spring23_S003_4_persons (p_id, f_name, l_name, strt_add, apt#, city, state, zipcode, email, dob, phn#) VALUES ('P100167', 'Nester', 'Albro', '51766 Lillian Hill', '', 'El Paso', 'Texas', '88535', 'nalbro4m@blogs.com', '8-Feb-68', '9153353723');
INSERT INTO Spring23_S003_4_persons (p_id, f_name, l_name, strt_add, apt#, city, state, zipcode, email, dob, phn#) VALUES ('P100168', 'Lorant', 'Grattan', '56278 Buhler Trail', 'Apt 1572', 'Texarkana', 'Texas', '75507', 'lgrattan4n@hud.gov', '29-Jul-57', '9031106532');
INSERT INTO Spring23_S003_4_persons (p_id, f_name, l_name, strt_add, apt#, city, state, zipcode, email, dob, phn#) VALUES ('P100169', 'Rockey', 'Freshwater', '42612 Redwing Trail', '', 'Huntsville', 'Texas', '77343', 'rfreshwater4o@buzzfeed.com', '31-Dec-48', '9366661641');
INSERT INTO Spring23_S003_4_persons (p_id, f_name, l_name, strt_add, apt#, city, state, zipcode, email, dob, phn#) VALUES ('P100170', 'Osbert', 'Cantu', '169 Emmet Trail', '16th Floor', 'Katy', 'Texas', '77493', 'ocantu4p@google.com.br', '16-Apr-92', '2818785543');
INSERT INTO Spring23_S003_4_persons (p_id, f_name, l_name, strt_add, apt#, city, state, zipcode, email, dob, phn#) VALUES ('P100171', 'Manny', 'Wisniewski', '0508 Sugar Circle', '', 'Gatesville', 'Texas', '76598', 'mwisniewski4q@economist.com', '10-Mar-45', '2549763926');
INSERT INTO Spring23_S003_4_persons (p_id, f_name, l_name, strt_add, apt#, city, state, zipcode, email, dob, phn#) VALUES ('P100172', 'Lief', 'Slatten', '5355 Forest Dale Road', 'PO Box 50682', 'Houston', 'Texas', '77050', 'lslatten4r@xinhuanet.com', '9-Nov-72', '2811614101');
INSERT INTO Spring23_S003_4_persons (p_id, f_name, l_name, strt_add, apt#, city, state, zipcode, email, dob, phn#) VALUES ('P100173', 'Vernon', 'McKeon', '67 Tony Alley', '', 'El Paso', 'Texas', '79994', 'vmckeon4s@usnews.com', '11-Dec-02', '9158527877');
INSERT INTO Spring23_S003_4_persons (p_id, f_name, l_name, strt_add, apt#, city, state, zipcode, email, dob, phn#) VALUES ('P100174', 'Anitra', 'Thewys', '3866 Manley Center', '', 'Houston', 'Texas', '77266', 'athewys4t@histats.com', '7-Dec-81', '7133040682');
INSERT INTO Spring23_S003_4_persons (p_id, f_name, l_name, strt_add, apt#, city, state, zipcode, email, dob, phn#) VALUES ('P100175', 'Pall', 'Videan', '3 Nevada Street', '', 'Midland', 'Texas', '79705', 'pvidean4u@stumbleupon.com', '22-Jan-72', '4327659605');
INSERT INTO Spring23_S003_4_persons (p_id, f_name, l_name, strt_add, apt#, city, state, zipcode, email, dob, phn#) VALUES ('P100176', 'Sheila-kathryn', 'Skule', '7 Orin Street', '', 'San Antonio', 'Texas', '78265', 'sskule4v@vinaora.com', '14-Nov-72', '2103780857');
INSERT INTO Spring23_S003_4_persons (p_id, f_name, l_name, strt_add, apt#, city, state, zipcode, email, dob, phn#) VALUES ('P100177', 'Esma', 'Poolton', '383 Vernon Circle', '13th Floor', 'Houston', 'Texas', '77240', 'epoolton4w@unesco.org', '8-Oct-72', '7131664309');
INSERT INTO Spring23_S003_4_persons (p_id, f_name, l_name, strt_add, apt#, city, state, zipcode, email, dob, phn#) VALUES ('P100178', 'Skipper', 'Esch', '231 Autumn Leaf Junction', '15th Floor', 'Fort Worth', 'Texas', '76147', 'sesch4x@gov.uk', '9-Aug-63', '8174923613');
INSERT INTO Spring23_S003_4_persons (p_id, f_name, l_name, strt_add, apt#, city, state, zipcode, email, dob, phn#) VALUES ('P100179', 'Ginnifer', 'Plank', '6 Londonderry Circle', 'Suite 1', 'Dallas', 'Texas', '75231', 'gplank4y@etsy.com', '24-Aug-91', '2144820723');
INSERT INTO Spring23_S003_4_persons (p_id, f_name, l_name, strt_add, apt#, city, state, zipcode, email, dob, phn#) VALUES ('P100180', 'Vick', 'McFetrich', '480 Spohn Circle', 'Apt 1339', 'San Antonio', 'Texas', '78296', 'vmcfetrich4z@independent.co.uk', '27-Sep-51', '2105389225');
INSERT INTO Spring23_S003_4_persons (p_id, f_name, l_name, strt_add, apt#, city, state, zipcode, email, dob, phn#) VALUES ('P100181', 'Nannette', 'Moorhead', '443 Macpherson Parkway', 'Apt 910', 'San Antonio', 'Texas', '78210', 'nmoorhead50@opera.com', '22-Jun-96', '2103798866');
INSERT INTO Spring23_S003_4_persons (p_id, f_name, l_name, strt_add, apt#, city, state, zipcode, email, dob, phn#) VALUES ('P100182', 'Reginald', 'Dennidge', '609 Hanson Terrace', 'PO Box 37180', 'Irving', 'Texas', '75037', 'rdennidge51@woothemes.com', '16-Mar-89', '2144144963');
INSERT INTO Spring23_S003_4_persons (p_id, f_name, l_name, strt_add, apt#, city, state, zipcode, email, dob, phn#) VALUES ('P100183', 'Anallese', 'Olive', '4027 Cordelia Center', '4th Floor', 'El Paso', 'Texas', '88584', 'aolive52@youtu.be', '7-Oct-02', '9155569182');
INSERT INTO Spring23_S003_4_persons (p_id, f_name, l_name, strt_add, apt#, city, state, zipcode, email, dob, phn#) VALUES ('P100184', 'Sheri', 'Josefowicz', '7583 Pierstorff Center', '19th Floor', 'Lubbock', 'Texas', '79405', 'sjosefowicz53@gnu.org', '17-Aug-55', '8069464053');
INSERT INTO Spring23_S003_4_persons (p_id, f_name, l_name, strt_add, apt#, city, state, zipcode, email, dob, phn#) VALUES ('P100185', 'Jermaine', 'Bettenay', '07624 Golf Course Crossing', '', 'Austin', 'Texas', '78769', 'jbettenay54@huffingtonpost.com', '13-Nov-62', '5124765728');
INSERT INTO Spring23_S003_4_persons (p_id, f_name, l_name, strt_add, apt#, city, state, zipcode, email, dob, phn#) VALUES ('P100186', 'Tailor', 'Dossett', '7 Towne Center', '', 'Fort Worth', 'Texas', '76162', 'tdossett55@goo.gl', '11-May-69', '6824418195');
INSERT INTO Spring23_S003_4_persons (p_id, f_name, l_name, strt_add, apt#, city, state, zipcode, email, dob, phn#) VALUES ('P100187', 'Diandra', 'Odhams', '73 Armistice Hill', '10th Floor', 'Austin', 'Texas', '78749', 'dodhams56@cdbaby.com', '2-May-01', '5125550016');
INSERT INTO Spring23_S003_4_persons (p_id, f_name, l_name, strt_add, apt#, city, state, zipcode, email, dob, phn#) VALUES ('P100188', 'Bryna', 'Traite', '9436 Ramsey Hill', 'Room 1997', 'Dallas', 'Texas', '75216', 'btraite57@51.la', '23-May-54', '9727395277');
INSERT INTO Spring23_S003_4_persons (p_id, f_name, l_name, strt_add, apt#, city, state, zipcode, email, dob, phn#) VALUES ('P100189', 'Danell', 'Leechman', '16289 Elmside Alley', '', 'Amarillo', 'Texas', '79176', 'dleechman58@ed.gov', '18-Oct-98', '8061833327');
INSERT INTO Spring23_S003_4_persons (p_id, f_name, l_name, strt_add, apt#, city, state, zipcode, email, dob, phn#) VALUES ('P100190', 'Coretta', 'Hawe', '3966 Morning Hill', '', 'El Paso', 'Texas', '88530', 'chawe59@independent.co.uk', '30-Dec-57', '9151947422');
INSERT INTO Spring23_S003_4_persons (p_id, f_name, l_name, strt_add, apt#, city, state, zipcode, email, dob, phn#) VALUES ('P100191', 'Gilberta', 'Gilfoy', '5247 Marcy Hill', 'Suite 64', 'College Station', 'Texas', '77844', 'ggilfoy5a@free.fr', '9-Mar-53', '9798639735');
INSERT INTO Spring23_S003_4_persons (p_id, f_name, l_name, strt_add, apt#, city, state, zipcode, email, dob, phn#) VALUES ('P100192', 'Oralle', 'Driver', '815 Montana Junction', '', 'Austin', 'Texas', '78710', 'odriver5b@mapy.cz', '19-Apr-90', '5126358615');
INSERT INTO Spring23_S003_4_persons (p_id, f_name, l_name, strt_add, apt#, city, state, zipcode, email, dob, phn#) VALUES ('P100193', 'Phyllys', 'Duckers', '21 Becker Junction', '', 'Houston', 'Texas', '77260', 'pduckers5c@jimdo.com', '20-Aug-46', '7139082635');
INSERT INTO Spring23_S003_4_persons (p_id, f_name, l_name, strt_add, apt#, city, state, zipcode, email, dob, phn#) VALUES ('P100194', 'Aubrey', 'Duligal', '7 Spohn Place', 'Room 949', 'Arlington', 'Texas', '76004', 'aduligal5d@springer.com', '14-Dec-86', '8171668308');
INSERT INTO Spring23_S003_4_persons (p_id, f_name, l_name, strt_add, apt#, city, state, zipcode, email, dob, phn#) VALUES ('P100195', 'Hermione', 'Turland', '40 Union Point', 'PO Box 58728', 'Laredo', 'Texas', '78044', 'hturland5e@nsw.gov.au', '31-Aug-98', '9568654602');
INSERT INTO Spring23_S003_4_persons (p_id, f_name, l_name, strt_add, apt#, city, state, zipcode, email, dob, phn#) VALUES ('P100196', 'Nerty', 'Dobbinson', '0600 Arizona Crossing', '', 'Houston', 'Texas', '77245', 'ndobbinson5f@dailymotion.com', '17-Nov-48', '7136617271');
INSERT INTO Spring23_S003_4_persons (p_id, f_name, l_name, strt_add, apt#, city, state, zipcode, email, dob, phn#) VALUES ('P100197', 'Ofella', 'Wigelsworth', '92 Washington Street', 'PO Box 68557', 'Houston', 'Texas', '77040', 'owigelsworth5g@webnode.com', '2-Mar-63', '2819149758');
INSERT INTO Spring23_S003_4_persons (p_id, f_name, l_name, strt_add, apt#, city, state, zipcode, email, dob, phn#) VALUES ('P100198', 'Fernanda', 'Maycey', '61537 Butternut Avenue', '', 'Dallas', 'Texas', '75205', 'fmaycey5h@odnoklassniki.ru', '4-Dec-59', '4693433807');
INSERT INTO Spring23_S003_4_persons (p_id, f_name, l_name, strt_add, apt#, city, state, zipcode, email, dob, phn#) VALUES ('P100199', 'Sibby', 'Cayley', '816 Bunting Alley', 'Room 52', 'Fort Worth', 'Texas', '76134', 'scayley5i@taobao.com', '13-Apr-86', '8174466671');
INSERT INTO Spring23_S003_4_persons (p_id, f_name, l_name, strt_add, apt#, city, state, zipcode, email, dob, phn#) VALUES ('P100200', 'Ira', 'McGunley', '318 Packers Lane', '13th Floor', 'Houston', 'Texas', '77223', 'imcgunley5j@bbb.org', '17-Dec-85', '7133506525');
INSERT INTO Spring23_S003_4_persons (p_id, f_name, l_name, strt_add, apt#, city, state, zipcode, email, dob, phn#) VALUES ('P100201', 'Nikolai', 'Kleinmann', '86942 Riverside Circle', 'Room 926', 'Spring', 'Texas', '77388', 'nkleinmann5k@apache.org', '26-Apr-05', '8328076951');
INSERT INTO Spring23_S003_4_persons (p_id, f_name, l_name, strt_add, apt#, city, state, zipcode, email, dob, phn#) VALUES ('P100202', 'Siouxie', 'Cameron', '2754 Corben Parkway', '', 'El Paso', 'Texas', '88558', 'scameron5l@jimdo.com', '11-Jan-77', '9158850666');
INSERT INTO Spring23_S003_4_persons (p_id, f_name, l_name, strt_add, apt#, city, state, zipcode, email, dob, phn#) VALUES ('P100203', 'Jemmie', 'McDavid', '13977 Sutteridge Alley', '', 'Dallas', 'Texas', '75358', 'jmcdavid5m@newsvine.com', '26-Apr-63', '2147756584');
INSERT INTO Spring23_S003_4_persons (p_id, f_name, l_name, strt_add, apt#, city, state, zipcode, email, dob, phn#) VALUES ('P100204', 'Eugenie', 'Placidi', '5321 Trailsway Circle', 'Apt 547', 'Temple', 'Texas', '76505', 'eplacidi5n@oakley.com', '12-Nov-43', '2543647921');
INSERT INTO Spring23_S003_4_persons (p_id, f_name, l_name, strt_add, apt#, city, state, zipcode, email, dob, phn#) VALUES ('P100205', 'Anatollo', 'Fairlaw', '5 Milwaukee Parkway', 'Apt 677', 'Houston', 'Texas', '77085', 'afairlaw5o@zdnet.com', '29-Jun-84', '2817736961');
INSERT INTO Spring23_S003_4_persons (p_id, f_name, l_name, strt_add, apt#, city, state, zipcode, email, dob, phn#) VALUES ('P100206', 'Georgia', 'Yanin', '3 Del Sol Trail', '1st Floor', 'El Paso', 'Texas', '88558', 'gyanin5p@cdbaby.com', '1-Dec-47', '9158152570');
INSERT INTO Spring23_S003_4_persons (p_id, f_name, l_name, strt_add, apt#, city, state, zipcode, email, dob, phn#) VALUES ('P100207', 'Devin', 'Ewers', '9168 Stoughton Street', 'PO Box 55386', 'College Station', 'Texas', '77844', 'dewers5q@irs.gov', '28-Sep-89', '9794865318');
INSERT INTO Spring23_S003_4_persons (p_id, f_name, l_name, strt_add, apt#, city, state, zipcode, email, dob, phn#) VALUES ('P100208', 'Martie', 'Starling', '014 Shopko Road', 'Apt 1157', 'Corpus Christi', 'Texas', '78405', 'mstarling5r@imageshack.us', '22-Feb-61', '3617829973');
INSERT INTO Spring23_S003_4_persons (p_id, f_name, l_name, strt_add, apt#, city, state, zipcode, email, dob, phn#) VALUES ('P100209', 'Felecia', 'Barnwill', '39027 Lakeland Pass', '', 'San Antonio', 'Texas', '78296', 'fbarnwill5s@usgs.gov', '29-Sep-70', '2106833088');
INSERT INTO Spring23_S003_4_persons (p_id, f_name, l_name, strt_add, apt#, city, state, zipcode, email, dob, phn#) VALUES ('P100210', 'Gussi', 'Mowett', '95 Bunker Hill Park', 'PO Box 23227', 'Houston', 'Texas', '77293', 'gmowett5t@ftc.gov', '13-Sep-69', '2811563367');
INSERT INTO Spring23_S003_4_persons (p_id, f_name, l_name, strt_add, apt#, city, state, zipcode, email, dob, phn#) VALUES ('P100211', 'Inger', 'Kopps', '696 Dexter Park', '', 'Houston', 'Texas', '77218', 'ikopps5u@hc360.com', '28-Oct-55', '7138423332');
INSERT INTO Spring23_S003_4_persons (p_id, f_name, l_name, strt_add, apt#, city, state, zipcode, email, dob, phn#) VALUES ('P100212', 'Rikki', 'Annell', '0 Dwight Drive', '7th Floor', 'Fort Worth', 'Texas', '76121', 'rannell5v@people.com.cn', '19-Sep-95', '8178873576');
INSERT INTO Spring23_S003_4_persons (p_id, f_name, l_name, strt_add, apt#, city, state, zipcode, email, dob, phn#) VALUES ('P100213', 'Judah', 'Hugnet', '90716 Aberg Drive', '8th Floor', 'Houston', 'Texas', '77201', 'jhugnet5w@icq.com', '7-Sep-88', '8327641090');
INSERT INTO Spring23_S003_4_persons (p_id, f_name, l_name, strt_add, apt#, city, state, zipcode, email, dob, phn#) VALUES ('P100214', 'Cob', 'Fidler', '73 Merchant Plaza', '13th Floor', 'Houston', 'Texas', '77025', 'cfidler5x@springer.com', '13-Oct-91', '8329649080');
INSERT INTO Spring23_S003_4_persons (p_id, f_name, l_name, strt_add, apt#, city, state, zipcode, email, dob, phn#) VALUES ('P100215', 'Sallyann', 'Joselovitch', '7 Tony Lane', 'Room 1060', 'Austin', 'Texas', '78721', 'sjoselovitch5y@dedecms.com', '19-Dec-70', '5129946602');
INSERT INTO Spring23_S003_4_persons (p_id, f_name, l_name, strt_add, apt#, city, state, zipcode, email, dob, phn#) VALUES ('P100216', 'Caria', 'Greiser', '6520 Golf Course Pass', '3rd Floor', 'Houston', 'Texas', '77095', 'cgreiser5z@nationalgeographic.com', '6-May-06', '7132098057');
INSERT INTO Spring23_S003_4_persons (p_id, f_name, l_name, strt_add, apt#, city, state, zipcode, email, dob, phn#) VALUES ('P100217', 'Winfield', 'Tutchener', '2946 Autumn Leaf Trail', 'Room 1480', 'Lubbock', 'Texas', '79410', 'wtutchener60@psu.edu', '4-Nov-88', '8066686165');
INSERT INTO Spring23_S003_4_persons (p_id, f_name, l_name, strt_add, apt#, city, state, zipcode, email, dob, phn#) VALUES ('P100218', 'Chaim', 'Iiannoni', '988 Springs Pass', 'Apt 1787', 'Dallas', 'Texas', '75397', 'ciiannoni61@altervista.org', '20-Sep-77', '2144074843');
INSERT INTO Spring23_S003_4_persons (p_id, f_name, l_name, strt_add, apt#, city, state, zipcode, email, dob, phn#) VALUES ('P100219', 'Colet', 'Windas', '0354 Melby Avenue', '', 'Austin', 'Texas', '78764', 'cwindas62@ihg.com', '28-Jan-44', '5126235373');
INSERT INTO Spring23_S003_4_persons (p_id, f_name, l_name, strt_add, apt#, city, state, zipcode, email, dob, phn#) VALUES ('P100220', 'Julee', 'Remer', '67 Columbus Terrace', '', 'Houston', 'Texas', '77060', 'jremer63@pen.io', '17-Aug-79', '7133722641');
INSERT INTO Spring23_S003_4_persons (p_id, f_name, l_name, strt_add, apt#, city, state, zipcode, email, dob, phn#) VALUES ('P100221', 'Venus', 'Mulholland', '87 Sage Alley', 'Room 1366', 'Corpus Christi', 'Texas', '78415', 'vmulholland64@oaic.gov.au', '27-Mar-88', '3613518623');
INSERT INTO Spring23_S003_4_persons (p_id, f_name, l_name, strt_add, apt#, city, state, zipcode, email, dob, phn#) VALUES ('P100222', 'Maynard', 'Renwick', '930 Pawling Way', '', 'Laredo', 'Texas', '78044', 'mrenwick65@spotify.com', '10-Oct-69', '9569183789');
INSERT INTO Spring23_S003_4_persons (p_id, f_name, l_name, strt_add, apt#, city, state, zipcode, email, dob, phn#) VALUES ('P100223', 'Vernice', 'Sowrey', '841 Fallview Road', '', 'Amarillo', 'Texas', '79116', 'vsowrey66@virginia.edu', '20-Aug-49', '8068995236');
INSERT INTO Spring23_S003_4_persons (p_id, f_name, l_name, strt_add, apt#, city, state, zipcode, email, dob, phn#) VALUES ('P100224', 'Erda', 'Tink', '34 Butterfield Center', '', 'Houston', 'Texas', '77050', 'etink67@sakura.ne.jp', '8-May-58', '2818315360');
INSERT INTO Spring23_S003_4_persons (p_id, f_name, l_name, strt_add, apt#, city, state, zipcode, email, dob, phn#) VALUES ('P100225', 'Elbertina', 'Canceller', '5657 Ryan Plaza', '5th Floor', 'Arlington', 'Texas', '76011', 'ecanceller68@utexas.edu', '12-Oct-76', '6829318108');
INSERT INTO Spring23_S003_4_persons (p_id, f_name, l_name, strt_add, apt#, city, state, zipcode, email, dob, phn#) VALUES ('P100226', 'Germaine', 'Prodrick', '89722 Hazelcrest Junction', '', 'Houston', 'Texas', '77234', 'gprodrick69@networkadvertising.org', '27-Jul-48', '7138385662');
INSERT INTO Spring23_S003_4_persons (p_id, f_name, l_name, strt_add, apt#, city, state, zipcode, email, dob, phn#) VALUES ('P100227', 'Jada', 'Mc Mechan', '9001 Anhalt Road', '', 'Dallas', 'Texas', '75387', 'jmcmechan6a@squidoo.com', '16-Aug-81', '2149345397');
INSERT INTO Spring23_S003_4_persons (p_id, f_name, l_name, strt_add, apt#, city, state, zipcode, email, dob, phn#) VALUES ('P100228', 'Maud', 'Oleszcuk', '78985 Sycamore Way', '5th Floor', 'Houston', 'Texas', '77288', 'moleszcuk6b@fotki.com', '6-Jul-57', '7138571587');
INSERT INTO Spring23_S003_4_persons (p_id, f_name, l_name, strt_add, apt#, city, state, zipcode, email, dob, phn#) VALUES ('P100229', 'Ty', 'Wickham', '6 Truax Place', 'PO Box 46355', 'El Paso', 'Texas', '88514', 'twickham6c@mayoclinic.com', '23-Aug-68', '9155690082');
INSERT INTO Spring23_S003_4_persons (p_id, f_name, l_name, strt_add, apt#, city, state, zipcode, email, dob, phn#) VALUES ('P100230', 'Gayel', 'Bovaird', '07 Sundown Lane', 'Apt 427', 'Houston', 'Texas', '77005', 'gbovaird6d@jimdo.com', '16-Apr-69', '2813347202');
INSERT INTO Spring23_S003_4_persons (p_id, f_name, l_name, strt_add, apt#, city, state, zipcode, email, dob, phn#) VALUES ('P100231', 'Maye', 'Mughal', '647 East Trail', '', 'El Paso', 'Texas', '79945', 'mmughal6e@spotify.com', '11-May-55', '9157654236');
INSERT INTO Spring23_S003_4_persons (p_id, f_name, l_name, strt_add, apt#, city, state, zipcode, email, dob, phn#) VALUES ('P100232', 'Cyrille', 'Gomes', '374 Killdeer Point', '', 'San Antonio', 'Texas', '78291', 'cgomes6f@twitpic.com', '1-Mar-65', '2102895110');
INSERT INTO Spring23_S003_4_persons (p_id, f_name, l_name, strt_add, apt#, city, state, zipcode, email, dob, phn#) VALUES ('P100233', 'Daveta', 'Nani', '75 Starling Junction', 'Room 39', 'Dallas', 'Texas', '75379', 'dnani6g@4shared.com', '12-May-52', '2145947996');
INSERT INTO Spring23_S003_4_persons (p_id, f_name, l_name, strt_add, apt#, city, state, zipcode, email, dob, phn#) VALUES ('P100234', 'Gabriel', 'Uppett', '9085 Dixon Park', '', 'Lubbock', 'Texas', '79452', 'guppett6h@fotki.com', '20-Sep-95', '8064046491');
INSERT INTO Spring23_S003_4_persons (p_id, f_name, l_name, strt_add, apt#, city, state, zipcode, email, dob, phn#) VALUES ('P100235', 'Rudiger', 'Harman', '22 Upham Trail', '', 'Austin', 'Texas', '78749', 'rharman6i@bbc.co.uk', '5-Dec-45', '5125355760');
INSERT INTO Spring23_S003_4_persons (p_id, f_name, l_name, strt_add, apt#, city, state, zipcode, email, dob, phn#) VALUES ('P100236', 'Cesya', 'Clubb', '773 Kings Lane', '', 'El Paso', 'Texas', '88535', 'cclubb6j@mozilla.com', '26-Aug-55', '9155295532');
INSERT INTO Spring23_S003_4_persons (p_id, f_name, l_name, strt_add, apt#, city, state, zipcode, email, dob, phn#) VALUES ('P100237', 'Carlyn', 'Haliburton', '88484 Butternut Place', '', 'Houston', 'Texas', '77055', 'chaliburton6k@soup.io', '11-Jun-51', '8321983142');
INSERT INTO Spring23_S003_4_persons (p_id, f_name, l_name, strt_add, apt#, city, state, zipcode, email, dob, phn#) VALUES ('P100238', 'Sheelah', 'MacPhaden', '4637 Kensington Street', 'Suite 14', 'San Antonio', 'Texas', '78220', 'smacphaden6l@bloglines.com', '6-Apr-04', '2105547588');
INSERT INTO Spring23_S003_4_persons (p_id, f_name, l_name, strt_add, apt#, city, state, zipcode, email, dob, phn#) VALUES ('P100239', 'Kial', 'Layborn', '62780 Annamark Road', '', 'Austin', 'Texas', '78715', 'klayborn6m@dedecms.com', '17-Mar-67', '5124811718');
INSERT INTO Spring23_S003_4_persons (p_id, f_name, l_name, strt_add, apt#, city, state, zipcode, email, dob, phn#) VALUES ('P100240', 'Gunther', 'Landal', '87 Prairieview Pass', 'Apt 210', 'Lubbock', 'Texas', '79410', 'glandal6n@godaddy.com', '22-Oct-91', '8061825675');
INSERT INTO Spring23_S003_4_persons (p_id, f_name, l_name, strt_add, apt#, city, state, zipcode, email, dob, phn#) VALUES ('P100241', 'Justino', 'Mackrill', '9 Fairfield Junction', 'Room 1653', 'Amarillo', 'Texas', '79159', 'jmackrill6o@microsoft.com', '31-Aug-00', '8068385461');
INSERT INTO Spring23_S003_4_persons (p_id, f_name, l_name, strt_add, apt#, city, state, zipcode, email, dob, phn#) VALUES ('P100242', 'Letta', 'Wall', '0 Oriole Way', 'Suite 39', 'Austin', 'Texas', '78754', 'lwall6p@hostgator.com', '24-Jul-02', '5123714513');
INSERT INTO Spring23_S003_4_persons (p_id, f_name, l_name, strt_add, apt#, city, state, zipcode, email, dob, phn#) VALUES ('P100243', 'Freddy', 'Hayzer', '54780 Lillian Center', '', 'El Paso', 'Texas', '79928', 'fhayzer6q@a8.net', '9-May-47', '9156561388');
INSERT INTO Spring23_S003_4_persons (p_id, f_name, l_name, strt_add, apt#, city, state, zipcode, email, dob, phn#) VALUES ('P100244', 'Zebedee', 'Corns', '754 Sundown Street', 'PO Box 22252', 'Austin', 'Texas', '78778', 'zcorns6r@zdnet.com', '12-Nov-76', '5121269811');
INSERT INTO Spring23_S003_4_persons (p_id, f_name, l_name, strt_add, apt#, city, state, zipcode, email, dob, phn#) VALUES ('P100245', 'Maury', 'Doggart', '8 Almo Terrace', '', 'Dallas', 'Texas', '75241', 'mdoggart6s@google.ca', '17-Jul-45', '4699231336');
INSERT INTO Spring23_S003_4_persons (p_id, f_name, l_name, strt_add, apt#, city, state, zipcode, email, dob, phn#) VALUES ('P100246', 'Eustacia', 'Patesel', '018 Delladonna Alley', '', 'San Antonio', 'Texas', '78296', 'epatesel6t@tiny.cc', '25-Jun-74', '2108211665');
INSERT INTO Spring23_S003_4_persons (p_id, f_name, l_name, strt_add, apt#, city, state, zipcode, email, dob, phn#) VALUES ('P100247', 'Ingaborg', 'Perkinson', '45 Mayer Point', 'Apt 103', 'Houston', 'Texas', '77228', 'iperkinson6u@comsenz.com', '30-May-48', '7137043128');
INSERT INTO Spring23_S003_4_persons (p_id, f_name, l_name, strt_add, apt#, city, state, zipcode, email, dob, phn#) VALUES ('P100248', 'Lenna', 'Courteney', '3462 Washington Trail', 'Suite 15', 'Dallas', 'Texas', '75353', 'lcourteney6v@tinypic.com', '1-Feb-60', '2148582413');
INSERT INTO Spring23_S003_4_persons (p_id, f_name, l_name, strt_add, apt#, city, state, zipcode, email, dob, phn#) VALUES ('P100249', 'Harmonie', 'Ciccone', '06 Brown Parkway', '', 'Houston', 'Texas', '77080', 'hciccone6w@fotki.com', '12-Jun-80', '2816042568');
INSERT INTO Spring23_S003_4_persons (p_id, f_name, l_name, strt_add, apt#, city, state, zipcode, email, dob, phn#) VALUES ('P100250', 'Buffy', 'Beekmann', '18149 Talmadge Plaza', 'Suite 94', 'Spring', 'Texas', '77388', 'bbeekmann6x@nih.gov', '17-Dec-77', '2817483858');
INSERT INTO Spring23_S003_4_persons (p_id, f_name, l_name, strt_add, apt#, city, state, zipcode, email, dob, phn#) VALUES ('P100251', 'Estel', 'Pach', '53851 Fallview Plaza', '', 'Arlington', 'Texas', '76016', 'epach6y@wix.com', '7-Oct-44', '8179929377');
INSERT INTO Spring23_S003_4_persons (p_id, f_name, l_name, strt_add, apt#, city, state, zipcode, email, dob, phn#) VALUES ('P100252', 'Chad', 'Quainton', '9418 Hooker Junction', 'Suite 13', 'El Paso', 'Texas', '79945', 'cquainton6z@miitbeian.gov.cn', '9-Aug-68', '9158867099');
INSERT INTO Spring23_S003_4_persons (p_id, f_name, l_name, strt_add, apt#, city, state, zipcode, email, dob, phn#) VALUES ('P100253', 'Brew', 'Toogood', '72 Lukken Avenue', '', 'El Paso', 'Texas', '88558', 'btoogood70@symantec.com', '5-Feb-94', '9152658925');
INSERT INTO Spring23_S003_4_persons (p_id, f_name, l_name, strt_add, apt#, city, state, zipcode, email, dob, phn#) VALUES ('P100254', 'Poul', 'Washington', '3842 Kedzie Way', 'Suite 99', 'Round Rock', 'Texas', '78682', 'pwashington71@dot.gov', '18-Aug-59', '5125110413');
INSERT INTO Spring23_S003_4_persons (p_id, f_name, l_name, strt_add, apt#, city, state, zipcode, email, dob, phn#) VALUES ('P100255', 'Mirabella', 'Barrie', '3 Killdeer Court', '7th Floor', 'El Paso', 'Texas', '88574', 'mbarrie72@goo.gl', '9-Aug-56', '9154016962');
INSERT INTO Spring23_S003_4_persons (p_id, f_name, l_name, strt_add, apt#, city, state, zipcode, email, dob, phn#) VALUES ('P100256', 'Beatrisa', 'Freda', '03112 Fulton Alley', 'PO Box 57840', 'San Antonio', 'Texas', '78265', 'bfreda73@nyu.edu', '6-Aug-58', '2109620298');
INSERT INTO Spring23_S003_4_persons (p_id, f_name, l_name, strt_add, apt#, city, state, zipcode, email, dob, phn#) VALUES ('P100257', 'Rikki', 'Cianni', '86318 Anniversary Trail', 'Room 800', 'El Paso', 'Texas', '88541', 'rcianni74@nba.com', '27-Sep-74', '9153350556');
INSERT INTO Spring23_S003_4_persons (p_id, f_name, l_name, strt_add, apt#, city, state, zipcode, email, dob, phn#) VALUES ('P100258', 'Oran', 'Maffini', '465 Longview Center', 'PO Box 85415', 'Houston', 'Texas', '77260', 'omaffini75@edublogs.org', '16-Jun-61', '7133652745');
INSERT INTO Spring23_S003_4_persons (p_id, f_name, l_name, strt_add, apt#, city, state, zipcode, email, dob, phn#) VALUES ('P100259', 'Cheryl', 'Searight', '1486 Drewry Place', '', 'Lubbock', 'Texas', '79491', 'csearight76@answers.com', '2-Nov-47', '8066380224');
INSERT INTO Spring23_S003_4_persons (p_id, f_name, l_name, strt_add, apt#, city, state, zipcode, email, dob, phn#) VALUES ('P100260', 'Teri', 'Joslow', '9523 Hauk Street', '', 'El Paso', 'Texas', '88584', 'tjoslow77@weibo.com', '13-Jul-91', '9153976340');
INSERT INTO Spring23_S003_4_persons (p_id, f_name, l_name, strt_add, apt#, city, state, zipcode, email, dob, phn#) VALUES ('P100261', 'North', 'Lorroway', '37 Loeprich Place', '', 'Dallas', 'Texas', '75392', 'nlorroway78@prnewswire.com', '15-Oct-61', '2142299335');
INSERT INTO Spring23_S003_4_persons (p_id, f_name, l_name, strt_add, apt#, city, state, zipcode, email, dob, phn#) VALUES ('P100262', 'Ranna', 'Matokhnin', '97 Jackson Pass', 'Apt 1689', 'Denton', 'Texas', '76210', 'rmatokhnin79@hp.com', '27-Jan-80', '9724179665');
INSERT INTO Spring23_S003_4_persons (p_id, f_name, l_name, strt_add, apt#, city, state, zipcode, email, dob, phn#) VALUES ('P100263', 'Davis', 'Sleeford', '86 Cordelia Road', 'Room 1436', 'Dallas', 'Texas', '75231', 'dsleeford7a@desdev.cn', '30-Jul-71', '4694155947');
INSERT INTO Spring23_S003_4_persons (p_id, f_name, l_name, strt_add, apt#, city, state, zipcode, email, dob, phn#) VALUES ('P100264', 'Jewel', 'Fyall', '0327 Paget Place', 'PO Box 7955', 'Houston', 'Texas', '77040', 'jfyall7b@cbsnews.com', '26-Dec-98', '9799551264');
INSERT INTO Spring23_S003_4_persons (p_id, f_name, l_name, strt_add, apt#, city, state, zipcode, email, dob, phn#) VALUES ('P100265', 'Binnie', 'Shoebridge', '7 Pawling Court', 'Room 343', 'Austin', 'Texas', '78744', 'bshoebridge7c@360.cn', '23-Sep-83', '3611329003');
INSERT INTO Spring23_S003_4_persons (p_id, f_name, l_name, strt_add, apt#, city, state, zipcode, email, dob, phn#) VALUES ('P100266', 'Lethia', 'Stokell', '822 Bonner Road', 'Suite 97', 'Amarillo', 'Texas', '79176', 'lstokell7d@si.edu', '26-May-44', '8066520288');
INSERT INTO Spring23_S003_4_persons (p_id, f_name, l_name, strt_add, apt#, city, state, zipcode, email, dob, phn#) VALUES ('P100267', 'Helsa', 'Kennea', '0484 Lotheville Plaza', 'PO Box 4448', 'Houston', 'Texas', '77250', 'hkennea7e@bloglines.com', '9-Apr-80', '7136758319');
INSERT INTO Spring23_S003_4_persons (p_id, f_name, l_name, strt_add, apt#, city, state, zipcode, email, dob, phn#) VALUES ('P100268', 'Zack', 'Exter', '82 Donald Drive', '', 'Dallas', 'Texas', '75210', 'zexter7f@flickr.com', '8-Nov-87', '9725408387');
INSERT INTO Spring23_S003_4_persons (p_id, f_name, l_name, strt_add, apt#, city, state, zipcode, email, dob, phn#) VALUES ('P100269', 'Whitaker', 'Abramzon', '1 Ridge Oak Court', '', 'Houston', 'Texas', '77020', 'wabramzon7g@homestead.com', '14-Apr-70', '7132164866');
INSERT INTO Spring23_S003_4_persons (p_id, f_name, l_name, strt_add, apt#, city, state, zipcode, email, dob, phn#) VALUES ('P100270', 'Davide', 'Cubbon', '0723 Loomis Junction', '', 'Houston', 'Texas', '77288', 'dcubbon7h@newyorker.com', '2-Jan-97', '7135472449');
INSERT INTO Spring23_S003_4_persons (p_id, f_name, l_name, strt_add, apt#, city, state, zipcode, email, dob, phn#) VALUES ('P100271', 'Timothee', 'Rabidge', '85340 Lerdahl Terrace', '', 'El Paso', 'Texas', '79905', 'trabidge7i@marketwatch.com', '6-Nov-87', '9152308191');
INSERT INTO Spring23_S003_4_persons (p_id, f_name, l_name, strt_add, apt#, city, state, zipcode, email, dob, phn#) VALUES ('P100272', 'Pepillo', 'Grinnell', '119 Mockingbird Park', '5th Floor', 'Corpus Christi', 'Texas', '78475', 'pgrinnell7j@google.ru', '6-Jun-49', '3614634156');
INSERT INTO Spring23_S003_4_persons (p_id, f_name, l_name, strt_add, apt#, city, state, zipcode, email, dob, phn#) VALUES ('P100273', 'Haze', 'Christy', '4 Kingsford Junction', '', 'San Antonio', 'Texas', '78265', 'hchristy7k@house.gov', '6-Mar-91', '2108609845');
INSERT INTO Spring23_S003_4_persons (p_id, f_name, l_name, strt_add, apt#, city, state, zipcode, email, dob, phn#) VALUES ('P100274', 'Patrick', 'Gomersal', '568 Canary Place', '11th Floor', 'El Paso', 'Texas', '88541', 'pgomersal7l@zimbio.com', '9-Aug-54', '9157970245');
INSERT INTO Spring23_S003_4_persons (p_id, f_name, l_name, strt_add, apt#, city, state, zipcode, email, dob, phn#) VALUES ('P100275', 'Devonna', 'Draysay', '82279 Rutledge Court', '', 'El Paso', 'Texas', '79940', 'ddraysay7m@indiegogo.com', '15-Jun-79', '9151278353');
INSERT INTO Spring23_S003_4_persons (p_id, f_name, l_name, strt_add, apt#, city, state, zipcode, email, dob, phn#) VALUES ('P100276', 'Tildy', 'Postlewhite', '425 Hintze Way', '', 'Denton', 'Texas', '76210', 'tpostlewhite7n@mapquest.com', '18-Mar-87', '9721389354');
INSERT INTO Spring23_S003_4_persons (p_id, f_name, l_name, strt_add, apt#, city, state, zipcode, email, dob, phn#) VALUES ('P100277', 'Garik', 'Semmence', '82 Hanson Trail', '', 'Houston', 'Texas', '77070', 'gsemmence7o@acquirethisname.com', '24-Jun-02', '2814087579');
INSERT INTO Spring23_S003_4_persons (p_id, f_name, l_name, strt_add, apt#, city, state, zipcode, email, dob, phn#) VALUES ('P100278', 'Shanta', 'Copcote', '26 Pawling Place', '', 'Austin', 'Texas', '78721', 'scopcote7p@ocn.ne.jp', '18-Jan-56', '5128154955');
INSERT INTO Spring23_S003_4_persons (p_id, f_name, l_name, strt_add, apt#, city, state, zipcode, email, dob, phn#) VALUES ('P100279', 'Shayna', 'Ledbury', '034 Russell Park', 'Room 1963', 'Austin', 'Texas', '78783', 'sledbury7q@t-online.de', '7-Apr-86', '5127414529');
INSERT INTO Spring23_S003_4_persons (p_id, f_name, l_name, strt_add, apt#, city, state, zipcode, email, dob, phn#) VALUES ('P100280', 'Batsheva', 'Mapledorum', '45 Village Court', '', 'Denton', 'Texas', '76205', 'bmapledorum7r@wordpress.com', '27-Nov-82', '8173180904');
INSERT INTO Spring23_S003_4_persons (p_id, f_name, l_name, strt_add, apt#, city, state, zipcode, email, dob, phn#) VALUES ('P100281', 'Hort', 'Sydall', '561 Spenser Circle', '', 'Houston', 'Texas', '77266', 'hsydall7s@stumbleupon.com', '8-Sep-62', '7136644403');
INSERT INTO Spring23_S003_4_persons (p_id, f_name, l_name, strt_add, apt#, city, state, zipcode, email, dob, phn#) VALUES ('P100282', 'Dorena', 'Mouncher', '819 Jenifer Hill', 'Room 1263', 'Dallas', 'Texas', '75397', 'dmouncher7t@vimeo.com', '28-Oct-63', '2146395457');
INSERT INTO Spring23_S003_4_persons (p_id, f_name, l_name, strt_add, apt#, city, state, zipcode, email, dob, phn#) VALUES ('P100283', 'Prue', 'Buckthought', '16093 Shoshone Terrace', 'Suite 91', 'Garland', 'Texas', '75049', 'pbuckthought7u@homestead.com', '22-Feb-45', '2146117834');
INSERT INTO Spring23_S003_4_persons (p_id, f_name, l_name, strt_add, apt#, city, state, zipcode, email, dob, phn#) VALUES ('P100284', 'Jeniffer', 'Strettle', '48314 Spaight Street', 'Apt 584', 'Spring', 'Texas', '77386', 'jstrettle7v@auda.org.au', '14-Dec-46', '8329031393');
INSERT INTO Spring23_S003_4_persons (p_id, f_name, l_name, strt_add, apt#, city, state, zipcode, email, dob, phn#) VALUES ('P100285', 'Meghann', 'Garment', '26 Canary Crossing', '', 'Dallas', 'Texas', '75342', 'mgarment7w@nasa.gov', '7-Dec-68', '4694630780');
INSERT INTO Spring23_S003_4_persons (p_id, f_name, l_name, strt_add, apt#, city, state, zipcode, email, dob, phn#) VALUES ('P100286', 'Woody', 'Featherstone', '30743 Transport Place', 'PO Box 51566', 'Dallas', 'Texas', '75260', 'wfeatherstone7x@feedburner.com', '14-Nov-01', '2146381488');
INSERT INTO Spring23_S003_4_persons (p_id, f_name, l_name, strt_add, apt#, city, state, zipcode, email, dob, phn#) VALUES ('P100287', 'Nathan', 'Donan', '5 Derek Way', 'PO Box 62915', 'Houston', 'Texas', '77255', 'ndonan7y@unc.edu', '30-Nov-01', '7139451054');
INSERT INTO Spring23_S003_4_persons (p_id, f_name, l_name, strt_add, apt#, city, state, zipcode, email, dob, phn#) VALUES ('P100288', 'Carmina', 'Baron', '450 Pankratz Center', 'PO Box 75037', 'Temple', 'Texas', '76505', 'cbaron7z@amazon.co.jp', '4-Nov-01', '2547605589');
INSERT INTO Spring23_S003_4_persons (p_id, f_name, l_name, strt_add, apt#, city, state, zipcode, email, dob, phn#) VALUES ('P100289', 'Alan', 'Conford', '9 Straubel Junction', '4th Floor', 'Denton', 'Texas', '76210', 'aconford80@uiuc.edu', '12-Aug-47', '8178503241');
INSERT INTO Spring23_S003_4_persons (p_id, f_name, l_name, strt_add, apt#, city, state, zipcode, email, dob, phn#) VALUES ('P100290', 'Burty', 'Czajkowska', '43 Esch Alley', 'Apt 1895', 'Odessa', 'Texas', '79764', 'bczajkowska81@princeton.edu', '1-Feb-57', '4325202967');
INSERT INTO Spring23_S003_4_persons (p_id, f_name, l_name, strt_add, apt#, city, state, zipcode, email, dob, phn#) VALUES ('P100291', 'Terrance', 'Semiras', '74017 Ronald Regan Drive', 'Suite 81', 'Houston', 'Texas', '77025', 'tsemiras82@ezinearticles.com', '13-Feb-87', '2817211314');
INSERT INTO Spring23_S003_4_persons (p_id, f_name, l_name, strt_add, apt#, city, state, zipcode, email, dob, phn#) VALUES ('P100292', 'Doralia', 'Reader', '81 Farwell Lane', '', 'Dallas', 'Texas', '75216', 'dreader83@examiner.com', '6-Jul-05', '2144639859');
INSERT INTO Spring23_S003_4_persons (p_id, f_name, l_name, strt_add, apt#, city, state, zipcode, email, dob, phn#) VALUES ('P100293', 'Huntley', 'McGinly', '65771 Butternut Way', '', 'Dallas', 'Texas', '75353', 'hmcginly84@dropbox.com', '4-May-79', '2144744302');
INSERT INTO Spring23_S003_4_persons (p_id, f_name, l_name, strt_add, apt#, city, state, zipcode, email, dob, phn#) VALUES ('P100294', 'Alfons', 'Delleschi', '35656 Pennsylvania Way', '', 'El Paso', 'Texas', '88589', 'adelleschi85@over-blog.com', '9-Feb-81', '9159195115');
INSERT INTO Spring23_S003_4_persons (p_id, f_name, l_name, strt_add, apt#, city, state, zipcode, email, dob, phn#) VALUES ('P100295', 'Ad', 'Darell', '54800 Shoshone Terrace', '', 'Fort Worth', 'Texas', '76121', 'adarell86@state.tx.us', '21-Feb-58', '8179858683');
INSERT INTO Spring23_S003_4_persons (p_id, f_name, l_name, strt_add, apt#, city, state, zipcode, email, dob, phn#) VALUES ('P100296', 'Mimi', 'Stubbley', '9512 Stephen Drive', 'Suite 33', 'Arlington', 'Texas', '76011', 'mstubbley87@com.com', '27-Jul-62', '2141114267');
INSERT INTO Spring23_S003_4_persons (p_id, f_name, l_name, strt_add, apt#, city, state, zipcode, email, dob, phn#) VALUES ('P100297', 'Fidelity', 'Avey', '53 Moland Way', '', 'Abilene', 'Texas', '79699', 'favey88@slate.com', '26-Oct-93', '3251602389');
INSERT INTO Spring23_S003_4_persons (p_id, f_name, l_name, strt_add, apt#, city, state, zipcode, email, dob, phn#) VALUES ('P100298', 'Tobias', 'Waltho', '6 Warbler Park', '', 'Houston', 'Texas', '77281', 'twaltho89@soundcloud.com', '31-Jan-93', '7135921068');
INSERT INTO Spring23_S003_4_persons (p_id, f_name, l_name, strt_add, apt#, city, state, zipcode, email, dob, phn#) VALUES ('P100299', 'Lynett', 'Tumilty', '585 Village Green Road', 'Apt 1360', 'Dallas', 'Texas', '75358', 'ltumilty8a@ox.ac.uk', '24-Oct-55', '2149087945');
INSERT INTO Spring23_S003_4_persons (p_id, f_name, l_name, strt_add, apt#, city, state, zipcode, email, dob, phn#) VALUES ('P100300', 'Haleigh', 'Boyall', '80 Jenifer Way', '', 'Fort Worth', 'Texas', '76121', 'hboyall8b@senate.gov', '15-Sep-56', '8171536739');
INSERT INTO Spring23_S003_4_persons (p_id, f_name, l_name, strt_add, apt#, city, state, zipcode, email, dob, phn#) VALUES ('P1001', 'Hall', 'Canape', '5433 Daystar Point', 'PO Box 33975', 'Arlington', 'Texas', '76096', 'hcanape0@forbes.com', '10-Sep-95', '8176605202');
INSERT INTO Spring23_S003_4_persons (p_id, f_name, l_name, strt_add, apt#, city, state, zipcode, email, dob, phn#) VALUES ('P1002', 'Frederick', 'Rouchy', '17 Ryan Place', '', 'El Paso', 'Texas', '79928', 'frouchy1@hostgator.com', '13-Dec-93', '9153046851');
INSERT INTO Spring23_S003_4_persons (p_id, f_name, l_name, strt_add, apt#, city, state, zipcode, email, dob, phn#) VALUES ('P1003', 'Jesse', 'Duerden', '89 Buena Vista Trail', 'Apt 580', 'Abilene', 'Texas', '79699', 'jduerden2@liveinternet.ru', '28-Jan-59', '3258423821');
INSERT INTO Spring23_S003_4_persons (p_id, f_name, l_name, strt_add, apt#, city, state, zipcode, email, dob, phn#) VALUES ('P1004', 'Krishnah', 'Rolfi', '34190 Northland Street', '', 'Corpus Christi', 'Texas', '78415', 'krolfi3@cbslocal.com', '21-Sep-62', '3616389176');
INSERT INTO Spring23_S003_4_persons (p_id, f_name, l_name, strt_add, apt#, city, state, zipcode, email, dob, phn#) VALUES ('P1005', 'Calhoun', 'Ridwood', '0 Hayes Road', 'Apt 1964', 'Galveston', 'Texas', '77554', 'cridwood4@baidu.com', '27-Jun-04', '2816267288');
INSERT INTO Spring23_S003_4_persons (p_id, f_name, l_name, strt_add, apt#, city, state, zipcode, email, dob, phn#) VALUES ('P1006', 'Olenka', 'Lory', '58949 1st Junction', 'PO Box 49929', 'Fort Worth', 'Texas', '76178', 'olory5@independent.co.uk', '17-Apr-47', '6828311211');
INSERT INTO Spring23_S003_4_persons (p_id, f_name, l_name, strt_add, apt#, city, state, zipcode, email, dob, phn#) VALUES ('P1007', 'Ambros', 'Entres', '3 Larry Hill', '', 'San Antonio', 'Texas', '78245', 'aentres6@mtv.com', '22-Oct-55', '8302294785');
INSERT INTO Spring23_S003_4_persons (p_id, f_name, l_name, strt_add, apt#, city, state, zipcode, email, dob, phn#) VALUES ('P1008', 'Ernaline', 'Blenkhorn', '24 Talmadge Point', 'Suite 42', 'San Antonio', 'Texas', '78250', 'eblenkhorn7@surveymonkey.com', '15-Jun-57', '2107720685');
INSERT INTO Spring23_S003_4_persons (p_id, f_name, l_name, strt_add, apt#, city, state, zipcode, email, dob, phn#) VALUES ('P1009', 'Earlie', 'Pidwell', '1 Manitowish Circle', '', 'Corpus Christi', 'Texas', '78415', 'epidwell8@amazonaws.com', '12-Dec-83', '3617722018');
INSERT INTO Spring23_S003_4_persons (p_id, f_name, l_name, strt_add, apt#, city, state, zipcode, email, dob, phn#) VALUES ('P10010', 'Conni', 'Bonham', '9 Center Lane', '', 'Corpus Christi', 'Texas', '78426', 'cbonham9@yolasite.com', '5-Nov-83', '3611715712');
INSERT INTO Spring23_S003_4_persons (p_id, f_name, l_name, strt_add, apt#, city, state, zipcode, email, dob, phn#) VALUES ('P10011', 'Blanche', 'Ivancevic', '35 Dottie Terrace', 'Suite 76', 'Fort Worth', 'Texas', '76192', 'bivancevica@craigslist.org', '3-Apr-00', '6823288437');
INSERT INTO Spring23_S003_4_persons (p_id, f_name, l_name, strt_add, apt#, city, state, zipcode, email, dob, phn#) VALUES ('P10012', 'Nathalie', 'Cridlon', '78567 Clemons Pass', '', 'Dallas', 'Texas', '75226', 'ncridlonb@de.vu', '3-Oct-50', '4698709340');
INSERT INTO Spring23_S003_4_persons (p_id, f_name, l_name, strt_add, apt#, city, state, zipcode, email, dob, phn#) VALUES ('P10013', 'Onida', 'Mabone', '3071 Cambridge Trail', '3rd Floor', 'Dallas', 'Texas', '75231', 'omabonec@trellian.com', '23-Jun-88', '2144837655');
INSERT INTO Spring23_S003_4_persons (p_id, f_name, l_name, strt_add, apt#, city, state, zipcode, email, dob, phn#) VALUES ('P10014', 'Catherin', 'Lewry', '58 Crownhardt Drive', '', 'Corpus Christi', 'Texas', '78475', 'clewryd@newsvine.com', '1-Aug-70', '3612620786');
INSERT INTO Spring23_S003_4_persons (p_id, f_name, l_name, strt_add, apt#, city, state, zipcode, email, dob, phn#) VALUES ('P10015', 'Kassi', 'Tremblett', '663 Blackbird Hill', '', 'Pasadena', 'Texas', '77505', 'ktremblette@macromedia.com', '17-Sep-80', '7136798583');
INSERT INTO Spring23_S003_4_persons (p_id, f_name, l_name, strt_add, apt#, city, state, zipcode, email, dob, phn#) VALUES ('P10016', 'Jourdain', 'Maine', '52 Hoffman Way', 'Room 1532', 'Humble', 'Texas', '77346', 'jmainef@domainmarket.com', '23-Nov-90', '2815036833');
INSERT INTO Spring23_S003_4_persons (p_id, f_name, l_name, strt_add, apt#, city, state, zipcode, email, dob, phn#) VALUES ('P10017', 'Jillie', 'Maun', '61 Knutson Junction', '', 'Austin', 'Texas', '78764', 'jmaung@amazonaws.com', '25-Jan-06', '5125294441');
INSERT INTO Spring23_S003_4_persons (p_id, f_name, l_name, strt_add, apt#, city, state, zipcode, email, dob, phn#) VALUES ('P10018', 'Samantha', 'Bennellick', '6 Claremont Drive', '8th Floor', 'El Paso', 'Texas', '88558', 'sbennellickh@wikipedia.org', '29-May-67', '9153608610');
INSERT INTO Spring23_S003_4_persons (p_id, f_name, l_name, strt_add, apt#, city, state, zipcode, email, dob, phn#) VALUES ('P10019', 'Tull', 'Eyeington', '61942 Cody Park', 'Room 1536', 'El Paso', 'Texas', '79923', 'teyeingtoni@craigslist.org', '17-Nov-51', '9159301975');
INSERT INTO Spring23_S003_4_persons (p_id, f_name, l_name, strt_add, apt#, city, state, zipcode, email, dob, phn#) VALUES ('P10020', 'Jimmie', 'Synnott', '94729 Red Cloud Road', '13th Floor', 'Houston', 'Texas', '77050', 'jsynnottj@google.co.uk', '9-Jan-76', '2818866258');
INSERT INTO Spring23_S003_4_persons (p_id, f_name, l_name, strt_add, apt#, city, state, zipcode, email, dob, phn#) VALUES ('P10021', 'Ninnetta', 'Abotson', '53 Waubesa Crossing', '', 'Houston', 'Texas', '77260', 'nabotsonk@nsw.gov.au', '7-Sep-67', '7135876302');
INSERT INTO Spring23_S003_4_persons (p_id, f_name, l_name, strt_add, apt#, city, state, zipcode, email, dob, phn#) VALUES ('P10022', 'Rori', 'Eble', '357 Upham Crossing', 'Apt 1166', 'Houston', 'Texas', '77050', 'reblel@quantcast.com', '8-Jul-69', '2819700750');
INSERT INTO Spring23_S003_4_persons (p_id, f_name, l_name, strt_add, apt#, city, state, zipcode, email, dob, phn#) VALUES ('P10023', 'Zitella', 'Shirtcliffe', '4 Talisman Pass', '', 'Houston', 'Texas', '77060', 'zshirtcliffem@com.com', '20-Feb-84', '2813844337');
INSERT INTO Spring23_S003_4_persons (p_id, f_name, l_name, strt_add, apt#, city, state, zipcode, email, dob, phn#) VALUES ('P10024', 'Randall', 'Dunbobbin', '5294 Elgar Alley', '3rd Floor', 'Lubbock', 'Texas', '79415', 'rdunbobbinn@storify.com', '27-Jun-81', '8063318071');
INSERT INTO Spring23_S003_4_persons (p_id, f_name, l_name, strt_add, apt#, city, state, zipcode, email, dob, phn#) VALUES ('P10025', 'Joanne', 'Davis', '53 Claremont Place', '', 'Waco', 'Texas', '76711', 'jdaviso@scribd.com', '29-Oct-97', '2549753596');
INSERT INTO Spring23_S003_4_persons (p_id, f_name, l_name, strt_add, apt#, city, state, zipcode, email, dob, phn#) VALUES ('P10026', 'Kanya', 'Mogey', '60339 Farragut Crossing', '', 'Fort Worth', 'Texas', '76105', 'kmogeyp@seattletimes.com', '7-Nov-59', '8174901482');
INSERT INTO Spring23_S003_4_persons (p_id, f_name, l_name, strt_add, apt#, city, state, zipcode, email, dob, phn#) VALUES ('P10027', 'Jackie', 'Hoyland', '81 American Ash Terrace', '', 'Austin', 'Texas', '78710', 'jhoylandq@rediff.com', '29-Nov-67', '5121238631');
INSERT INTO Spring23_S003_4_persons (p_id, f_name, l_name, strt_add, apt#, city, state, zipcode, email, dob, phn#) VALUES ('P10028', 'Cyrus', 'Hast', '023 Mallory Road', 'Room 260', 'El Paso', 'Texas', '79950', 'chastr@photobucket.com', '29-Jan-50', '9152837966');
INSERT INTO Spring23_S003_4_persons (p_id, f_name, l_name, strt_add, apt#, city, state, zipcode, email, dob, phn#) VALUES ('P10029', 'Kip', 'Sissons', '16317 Haas Place', '', 'Wichita Falls', 'Texas', '76305', 'ksissonss@wsj.com', '10-Feb-66', '9406333101');
INSERT INTO Spring23_S003_4_persons (p_id, f_name, l_name, strt_add, apt#, city, state, zipcode, email, dob, phn#) VALUES ('P10030', 'Chelsey', 'Mucklestone', '5 Eggendart Pass', 'PO Box 44585', 'Austin', 'Texas', '78703', 'cmucklestonet@odnoklassniki.ru', '29-Feb-72', '5129761385');
INSERT INTO Spring23_S003_4_persons (p_id, f_name, l_name, strt_add, apt#, city, state, zipcode, email, dob, phn#) VALUES ('P10031', 'Salli', 'Steinham', '10062 Harper Center', '', 'Garland', 'Texas', '75044', 'ssteinhamu@about.com', '29-Jul-47', '9724338272');
INSERT INTO Spring23_S003_4_persons (p_id, f_name, l_name, strt_add, apt#, city, state, zipcode, email, dob, phn#) VALUES ('P10032', 'Cally', 'Dankov', '62 Nelson Junction', '2nd Floor', 'Denton', 'Texas', '76210', 'cdankovv@desdev.cn', '21-Dec-59', '9407852929');
INSERT INTO Spring23_S003_4_persons (p_id, f_name, l_name, strt_add, apt#, city, state, zipcode, email, dob, phn#) VALUES ('P10033', 'Haleigh', 'Brabender', '48 Eggendart Lane', '', 'Spring', 'Texas', '77388', 'hbrabenderw@chronoengine.com', '12-Jul-64', '4094137310');
INSERT INTO Spring23_S003_4_persons (p_id, f_name, l_name, strt_add, apt#, city, state, zipcode, email, dob, phn#) VALUES ('P10034', 'Joleen', 'Idle', '54 Buell Circle', '', 'Dallas', 'Texas', '75241', 'jidlex@tinyurl.com', '1-Jan-03', '4693491239');
INSERT INTO Spring23_S003_4_persons (p_id, f_name, l_name, strt_add, apt#, city, state, zipcode, email, dob, phn#) VALUES ('P10035', 'Andy', 'Ilyin', '548 Kropf Alley', 'PO Box 9854', 'El Paso', 'Texas', '79916', 'ailyiny@google.ca', '19-Aug-67', '9154192333');
INSERT INTO Spring23_S003_4_persons (p_id, f_name, l_name, strt_add, apt#, city, state, zipcode, email, dob, phn#) VALUES ('P10036', 'Carter', 'Marin', '4327 Messerschmidt Center', '', 'Dallas', 'Texas', '75226', 'cmarinz@jigsy.com', '13-Oct-50', '2142323846');
INSERT INTO Spring23_S003_4_persons (p_id, f_name, l_name, strt_add, apt#, city, state, zipcode, email, dob, phn#) VALUES ('P10037', 'Hedvig', 'Elcom', '8 Randy Road', 'PO Box 67437', 'San Antonio', 'Texas', '78296', 'helcom10@sourceforge.net', '15-Nov-86', '2107592510');
INSERT INTO Spring23_S003_4_persons (p_id, f_name, l_name, strt_add, apt#, city, state, zipcode, email, dob, phn#) VALUES ('P10038', 'Blanca', 'Shurrocks', '2190 Crescent Oaks Park', 'Room 224', 'El Paso', 'Texas', '88514', 'bshurrocks11@godaddy.com', '29-Jan-76', '9155472786');
INSERT INTO Spring23_S003_4_persons (p_id, f_name, l_name, strt_add, apt#, city, state, zipcode, email, dob, phn#) VALUES ('P10039', 'Vania', 'Quakley', '61681 Scofield Trail', '', 'Dallas', 'Texas', '75221', 'vquakley12@cafepress.com', '17-Feb-85', '9723722994');
INSERT INTO Spring23_S003_4_persons (p_id, f_name, l_name, strt_add, apt#, city, state, zipcode, email, dob, phn#) VALUES ('P10040', 'Ayn', 'Bunston', '29 Grim Hill', 'PO Box 99200', 'College Station', 'Texas', '77844', 'abunston13@booking.com', '23-Dec-48', '9793751034');
INSERT INTO Spring23_S003_4_persons (p_id, f_name, l_name, strt_add, apt#, city, state, zipcode, email, dob, phn#) VALUES ('P10041', 'Sula', 'Dicte', '3 Kingsford Park', '2nd Floor', 'Abilene', 'Texas', '79605', 'sdicte14@mysql.com', '18-Aug-77', '3257812508');
INSERT INTO Spring23_S003_4_persons (p_id, f_name, l_name, strt_add, apt#, city, state, zipcode, email, dob, phn#) VALUES ('P10042', 'Nadia', 'Balcers', '31398 Hermina Crossing', '', 'Austin', 'Texas', '78744', 'nbalcers15@geocities.com', '27-Apr-64', '3615872249');
INSERT INTO Spring23_S003_4_persons (p_id, f_name, l_name, strt_add, apt#, city, state, zipcode, email, dob, phn#) VALUES ('P10043', 'Joceline', 'Fosten', '99 Spohn Parkway', '', 'Amarillo', 'Texas', '79188', 'jfosten16@princeton.edu', '28-May-49', '8065681143');
INSERT INTO Spring23_S003_4_persons (p_id, f_name, l_name, strt_add, apt#, city, state, zipcode, email, dob, phn#) VALUES ('P10044', 'Kerry', 'Darch', '3 Lake View Way', '', 'Dallas', 'Texas', '75221', 'kdarch17@freewebs.com', '5-Dec-06', '9728071470');
INSERT INTO Spring23_S003_4_persons (p_id, f_name, l_name, strt_add, apt#, city, state, zipcode, email, dob, phn#) VALUES ('P10045', 'Prudy', 'Priver', '81425 Grover Court', 'Room 1260', 'Houston', 'Texas', '77045', 'ppriver18@ucla.edu', '22-May-75', '2819767849');
INSERT INTO Spring23_S003_4_persons (p_id, f_name, l_name, strt_add, apt#, city, state, zipcode, email, dob, phn#) VALUES ('P10046', 'Miquela', 'Djurdjevic', '0 Mariners Cove Lane', 'PO Box 57059', 'Dallas', 'Texas', '75353', 'mdjurdjevic19@cbc.ca', '22-Mar-74', '2144318144');
INSERT INTO Spring23_S003_4_persons (p_id, f_name, l_name, strt_add, apt#, city, state, zipcode, email, dob, phn#) VALUES ('P10047', 'Marlie', 'Tidey', '51 Manufacturers Lane', 'Suite 34', 'Midland', 'Texas', '79705', 'mtidey1a@multiply.com', '27-Jan-52', '4329114210');
INSERT INTO Spring23_S003_4_persons (p_id, f_name, l_name, strt_add, apt#, city, state, zipcode, email, dob, phn#) VALUES ('P10048', 'Hieronymus', 'Gimert', '35881 Mccormick Hill', '8th Floor', 'Dallas', 'Texas', '75260', 'hgimert1b@cdbaby.com', '18-Apr-64', '2141368908');
INSERT INTO Spring23_S003_4_persons (p_id, f_name, l_name, strt_add, apt#, city, state, zipcode, email, dob, phn#) VALUES ('P10049', 'Corbie', 'Idenden', '33921 Waubesa Center', 'Apt 672', 'Dallas', 'Texas', '75221', 'cidenden1c@thetimes.co.uk', '4-Jul-85', '9724101783');
INSERT INTO Spring23_S003_4_persons (p_id, f_name, l_name, strt_add, apt#, city, state, zipcode, email, dob, phn#) VALUES ('P10050', 'Hurleigh', 'Brach', '34 Dennis Alley', 'Room 392', 'Houston', 'Texas', '77085', 'hbrach1d@wordpress.com', '3-Feb-81', '2816058470');
INSERT INTO Spring23_S003_4_persons (p_id, f_name, l_name, strt_add, apt#, city, state, zipcode, email, dob, phn#) VALUES ('P10051', 'Blithe', 'Laurenzi', '789 Lien Way', 'Apt 730', 'Tyler', 'Texas', '75710', 'blaurenzi1e@nytimes.com', '19-Nov-05', '9031818274');
INSERT INTO Spring23_S003_4_persons (p_id, f_name, l_name, strt_add, apt#, city, state, zipcode, email, dob, phn#) VALUES ('P10052', 'Brandise', 'Jaggers', '47966 Sachtjen Lane', '', 'Amarillo', 'Texas', '79116', 'bjaggers1f@wordpress.org', '26-Mar-05', '8068699088');
INSERT INTO Spring23_S003_4_persons (p_id, f_name, l_name, strt_add, apt#, city, state, zipcode, email, dob, phn#) VALUES ('P10053', 'Sherie', 'Roskams', '8 Myrtle Alley', 'Suite 76', 'San Antonio', 'Texas', '78245', 'sroskams1g@guardian.co.uk', '5-Sep-74', '8302791653');
INSERT INTO Spring23_S003_4_persons (p_id, f_name, l_name, strt_add, apt#, city, state, zipcode, email, dob, phn#) VALUES ('P10054', 'Norry', 'Mariet', '2 Mayfield Hill', '', 'Austin', 'Texas', '78710', 'nmariet1h@booking.com', '17-Oct-75', '5129170736');
INSERT INTO Spring23_S003_4_persons (p_id, f_name, l_name, strt_add, apt#, city, state, zipcode, email, dob, phn#) VALUES ('P10055', 'Skipper', 'Potkins', '34 Forest Terrace', 'Suite 1', 'Austin', 'Texas', '78783', 'spotkins1i@apple.com', '28-May-03', '5125051235');
INSERT INTO Spring23_S003_4_persons (p_id, f_name, l_name, strt_add, apt#, city, state, zipcode, email, dob, phn#) VALUES ('P10056', 'Avictor', 'Pulford', '36607 Scoville Plaza', '', 'Corpus Christi', 'Texas', '78475', 'apulford1j@google.ca', '22-Aug-55', '3618955305');
INSERT INTO Spring23_S003_4_persons (p_id, f_name, l_name, strt_add, apt#, city, state, zipcode, email, dob, phn#) VALUES ('P10057', 'Sheffield', 'Llopis', '926 Oriole Plaza', 'PO Box 54713', 'Houston', 'Texas', '77090', 'sllopis1k@twitter.com', '4-Jul-71', '2812256352');
INSERT INTO Spring23_S003_4_persons (p_id, f_name, l_name, strt_add, apt#, city, state, zipcode, email, dob, phn#) VALUES ('P10058', 'Carlene', 'McFayden', '5 Sherman Drive', '', 'Houston', 'Texas', '77010', 'cmcfayden1l@businessinsider.com', '23-Mar-58', '8325748869');
INSERT INTO Spring23_S003_4_persons (p_id, f_name, l_name, strt_add, apt#, city, state, zipcode, email, dob, phn#) VALUES ('P10059', 'Fredericka', 'Braine', '668 Paget Pass', 'Suite 100', 'El Paso', 'Texas', '88541', 'fbraine1m@vk.com', '20-May-77', '9158511974');
INSERT INTO Spring23_S003_4_persons (p_id, f_name, l_name, strt_add, apt#, city, state, zipcode, email, dob, phn#) VALUES ('P10060', 'Rhea', 'Gawthorpe', '48 Vernon Place', '', 'Fort Worth', 'Texas', '76147', 'rgawthorpe1n@google.com.hk', '18-Oct-73', '8178488701');
INSERT INTO Spring23_S003_4_persons (p_id, f_name, l_name, strt_add, apt#, city, state, zipcode, email, dob, phn#) VALUES ('P10061', 'Edd', 'Osgar', '41833 North Trail', '8th Floor', 'Garland', 'Texas', '75049', 'eosgar1o@umn.edu', '2-Oct-88', '2149160930');
INSERT INTO Spring23_S003_4_persons (p_id, f_name, l_name, strt_add, apt#, city, state, zipcode, email, dob, phn#) VALUES ('P10062', 'Tymothy', 'Romanin', '9 Gina Avenue', '', 'Odessa', 'Texas', '79764', 'tromanin1p@booking.com', '1-Mar-05', '4328428057');
INSERT INTO Spring23_S003_4_persons (p_id, f_name, l_name, strt_add, apt#, city, state, zipcode, email, dob, phn#) VALUES ('P10063', 'Rivy', 'Ponsford', '599 Iowa Pass', 'PO Box 89490', 'Dallas', 'Texas', '75372', 'rponsford1q@pen.io', '9-Nov-62', '2147587118');



---2---
INSERT INTO Spring23_S003_4_carpool_owner (cpo_id, dl_no, name_on_acc, acc#, route#, bank_name, p_id) VALUES ('CPO1001', '50133884', 'Ashleigh Largent', '9156792179', '345009745', 'PNC Financial Services.', 'P10087');
INSERT INTO Spring23_S003_4_carpool_owner (cpo_id, dl_no, name_on_acc, acc#, route#, bank_name, p_id) VALUES ('CPO1002', '93184039', 'Audy MacDonagh', '9135038271', '191476774', 'Bank of America', 'P100105');
INSERT INTO Spring23_S003_4_carpool_owner (cpo_id, dl_no, name_on_acc, acc#, route#, bank_name, p_id) VALUES ('CPO1003', '32597230', 'Rowe Blandamere', '6357045491', '968287356', 'Wells Fargo.', 'P10074');
INSERT INTO Spring23_S003_4_carpool_owner (cpo_id, dl_no, name_on_acc, acc#, route#, bank_name, p_id) VALUES ('CPO1004', '41893105', 'Henka Pagel', '5667866102', '260598492', 'Citi Bank', 'P10093');
INSERT INTO Spring23_S003_4_carpool_owner (cpo_id, dl_no, name_on_acc, acc#, route#, bank_name, p_id) VALUES ('CPO1005', '61184486', 'Suzette Gianni', '7028162031', '259885936', 'PNC Financial Services.', 'P100100');
INSERT INTO Spring23_S003_4_carpool_owner (cpo_id, dl_no, name_on_acc, acc#, route#, bank_name, p_id) VALUES ('CPO1006', '41262325', 'Laney Crock', '6244671949', '911057611', 'JPMorgan Chase', 'P100110');
INSERT INTO Spring23_S003_4_carpool_owner (cpo_id, dl_no, name_on_acc, acc#, route#, bank_name, p_id) VALUES ('CPO1007', '52648970', 'Esmaria Gerald', '6596104697', '167267071', 'Wells Fargo.', 'P10073');
INSERT INTO Spring23_S003_4_carpool_owner (cpo_id, dl_no, name_on_acc, acc#, route#, bank_name, p_id) VALUES ('CPO1008', '99726708', 'Midge Karchewski', '251953625', '495261349', 'Bank of America', 'P10082');
INSERT INTO Spring23_S003_4_carpool_owner (cpo_id, dl_no, name_on_acc, acc#, route#, bank_name, p_id) VALUES ('CPO1009', '85848636', 'Katherine Silverlock', '5456571302', '374183961', 'Citi Bank', 'P100113');
INSERT INTO Spring23_S003_4_carpool_owner (cpo_id, dl_no, name_on_acc, acc#, route#, bank_name, p_id) VALUES ('CPO10010', '72582388', 'Chadd Rawsen', '1761092360', '282271054', 'Bank of America', 'P100115');
INSERT INTO Spring23_S003_4_carpool_owner (cpo_id, dl_no, name_on_acc, acc#, route#, bank_name, p_id) VALUES ('CPO10011', '95687440', 'Booth Buckeridge', '162824741', '371537507', 'Goldman Sachs', 'P10097');
INSERT INTO Spring23_S003_4_carpool_owner (cpo_id, dl_no, name_on_acc, acc#, route#, bank_name, p_id) VALUES ('CPO10012', '73727537', 'Libbey Yglesia', '4427294836', '690404387', 'PNC Financial Services.', 'P100104');
INSERT INTO Spring23_S003_4_carpool_owner (cpo_id, dl_no, name_on_acc, acc#, route#, bank_name, p_id) VALUES ('CPO10013', '23258862', 'Dominik Postin', '3202481848', '364652900', 'JPMorgan Chase', 'P100107');
INSERT INTO Spring23_S003_4_carpool_owner (cpo_id, dl_no, name_on_acc, acc#, route#, bank_name, p_id) VALUES ('CPO10014', '29638154', 'Lettie Hurtic', '1241964797', '765389697', 'PNC Financial Services.', 'P10084');
INSERT INTO Spring23_S003_4_carpool_owner (cpo_id, dl_no, name_on_acc, acc#, route#, bank_name, p_id) VALUES ('CPO10015', '89303975', 'Chaddie Naisbit', '8709115566', '601062442', 'PNC Financial Services.', 'P10098');
INSERT INTO Spring23_S003_4_carpool_owner (cpo_id, dl_no, name_on_acc, acc#, route#, bank_name, p_id) VALUES ('CPO10016', '68809831', 'Karilynn Locks', '9399085295', '611846450', 'Goldman Sachs', 'P100103');
INSERT INTO Spring23_S003_4_carpool_owner (cpo_id, dl_no, name_on_acc, acc#, route#, bank_name, p_id) VALUES ('CPO10017', '89541795', 'Randolf Sambals', '5153642414', '959396584', 'JPMorgan Chase', 'P10080');
INSERT INTO Spring23_S003_4_carpool_owner (cpo_id, dl_no, name_on_acc, acc#, route#, bank_name, p_id) VALUES ('CPO10018', '64774429', 'Stacy Albiston', '7035134238', '726846545', 'PNC Financial Services.', 'P10068');
INSERT INTO Spring23_S003_4_carpool_owner (cpo_id, dl_no, name_on_acc, acc#, route#, bank_name, p_id) VALUES ('CPO10019', '97754299', 'Serene Jeffes', '1554671586', '552229376', 'Bank of America', 'P100109');
INSERT INTO Spring23_S003_4_carpool_owner (cpo_id, dl_no, name_on_acc, acc#, route#, bank_name, p_id) VALUES ('CPO10020', '12283994', 'Cherida Goracci', '3470425467', '169025813', 'Citi Bank', 'P10085');
INSERT INTO Spring23_S003_4_carpool_owner (cpo_id, dl_no, name_on_acc, acc#, route#, bank_name, p_id) VALUES ('CPO10021', '49391697', 'Wilbert Firk', '8445965316', '145817890', 'Wells Fargo.', 'P10094');
INSERT INTO Spring23_S003_4_carpool_owner (cpo_id, dl_no, name_on_acc, acc#, route#, bank_name, p_id) VALUES ('CPO10022', '76487532', 'Milo Addington', '8869891411', '951956963', 'Wells Fargo.', 'P10075');
INSERT INTO Spring23_S003_4_carpool_owner (cpo_id, dl_no, name_on_acc, acc#, route#, bank_name, p_id) VALUES ('CPO10023', '10370737', 'Reynold Shelbourne', '3437771055', '842494125', 'PNC Financial Services.', 'P100114');
INSERT INTO Spring23_S003_4_carpool_owner (cpo_id, dl_no, name_on_acc, acc#, route#, bank_name, p_id) VALUES ('CPO10024', '28670505', 'Sibylle Phillipps', '1510949061', '471458812', 'JPMorgan Chase', 'P10066');
INSERT INTO Spring23_S003_4_carpool_owner (cpo_id, dl_no, name_on_acc, acc#, route#, bank_name, p_id) VALUES ('CPO10025', '18243551', 'Addia Klemmt', '6574368105', '864828122', 'JPMorgan Chase', 'P10083');
INSERT INTO Spring23_S003_4_carpool_owner (cpo_id, dl_no, name_on_acc, acc#, route#, bank_name, p_id) VALUES ('CPO10026', '71834595', 'Celeste Fairbank', '2883762911', '963203647', 'JPMorgan Chase', 'P10092');
INSERT INTO Spring23_S003_4_carpool_owner (cpo_id, dl_no, name_on_acc, acc#, route#, bank_name, p_id) VALUES ('CPO10027', '35022181', 'Corbin Crook', '2429060888', '330330437', 'Bank of America', 'P10079');
INSERT INTO Spring23_S003_4_carpool_owner (cpo_id, dl_no, name_on_acc, acc#, route#, bank_name, p_id) VALUES ('CPO10028', '47329212', 'Vale Corselles', '3675060059', '511975767', 'Bank of America', 'P100112');
INSERT INTO Spring23_S003_4_carpool_owner (cpo_id, dl_no, name_on_acc, acc#, route#, bank_name, p_id) VALUES ('CPO10029', '12789945', 'Babara Janowicz', '7589757483', '883843442', 'Wells Fargo.', 'P10078');
INSERT INTO Spring23_S003_4_carpool_owner (cpo_id, dl_no, name_on_acc, acc#, route#, bank_name, p_id) VALUES ('CPO10030', '62907483', 'Rollins Smye', '597668899', '570593207', 'Goldman Sachs', 'P10070');
INSERT INTO Spring23_S003_4_carpool_owner (cpo_id, dl_no, name_on_acc, acc#, route#, bank_name, p_id) VALUES ('CPO10031', '15792239', 'Milicent Reddihough', '4789914180', '713658385', 'PNC Financial Services.', 'P100101');
INSERT INTO Spring23_S003_4_carpool_owner (cpo_id, dl_no, name_on_acc, acc#, route#, bank_name, p_id) VALUES ('CPO10032', '67043908', 'Larine Dewhurst', '3445139704', '847440392', 'Goldman Sachs', 'P100102');
INSERT INTO Spring23_S003_4_carpool_owner (cpo_id, dl_no, name_on_acc, acc#, route#, bank_name, p_id) VALUES ('CPO10033', '57180164', 'Kessiah Cafferty', '9496478440', '495294799', 'Bank of America', 'P10076');
INSERT INTO Spring23_S003_4_carpool_owner (cpo_id, dl_no, name_on_acc, acc#, route#, bank_name, p_id) VALUES ('CPO10034', '21004022', 'Jabez West', '5643417787', '908392766', 'PNC Financial Services.', 'P10099');
INSERT INTO Spring23_S003_4_carpool_owner (cpo_id, dl_no, name_on_acc, acc#, route#, bank_name, p_id) VALUES ('CPO10035', '40469768', 'Stanfield De la Perrelle', '982537284', '242650662', 'Bank of America', 'P10077');
INSERT INTO Spring23_S003_4_carpool_owner (cpo_id, dl_no, name_on_acc, acc#, route#, bank_name, p_id) VALUES ('CPO10036', '60746965', 'Leeanne Ruppel', '9272234499', '255412202', 'Citi Bank', 'P10065');
INSERT INTO Spring23_S003_4_carpool_owner (cpo_id, dl_no, name_on_acc, acc#, route#, bank_name, p_id) VALUES ('CPO10037', '62571112', 'Arvie Dawber', '5255440753', '606824755', 'Goldman Sachs', 'P10081');
INSERT INTO Spring23_S003_4_carpool_owner (cpo_id, dl_no, name_on_acc, acc#, route#, bank_name, p_id) VALUES ('CPO10038', '28619946', 'Tommy Thorington', '1541550218', '519676690', 'Wells Fargo.', 'P10086');
INSERT INTO Spring23_S003_4_carpool_owner (cpo_id, dl_no, name_on_acc, acc#, route#, bank_name, p_id) VALUES ('CPO10039', '10574685', 'Ave Absalom', '9335566487', '670084237', 'PNC Financial Services.', 'P10095');
INSERT INTO Spring23_S003_4_carpool_owner (cpo_id, dl_no, name_on_acc, acc#, route#, bank_name, p_id) VALUES ('CPO10040', '45482698', 'Lorant Georgel', '9575650955', '186447119', 'Bank of America', 'P10072');
INSERT INTO Spring23_S003_4_carpool_owner (cpo_id, dl_no, name_on_acc, acc#, route#, bank_name, p_id) VALUES ('CPO10041', '53569023', 'Beilul Kitteman', '6104134105', '430114329', 'Citi Bank', 'P100106');
INSERT INTO Spring23_S003_4_carpool_owner (cpo_id, dl_no, name_on_acc, acc#, route#, bank_name, p_id) VALUES ('CPO10042', '56917581', 'Karyl Bengtsson', '8891590150', '330020644', 'Wells Fargo.', 'P10067');
INSERT INTO Spring23_S003_4_carpool_owner (cpo_id, dl_no, name_on_acc, acc#, route#, bank_name, p_id) VALUES ('CPO10043', '45093663', 'Hersh Ventham', '1438226560', '670592080', 'Goldman Sachs', 'P10071');
INSERT INTO Spring23_S003_4_carpool_owner (cpo_id, dl_no, name_on_acc, acc#, route#, bank_name, p_id) VALUES ('CPO10044', '46114208', 'Liza Sivorn', '1006030700', '936437029', 'PNC Financial Services.', 'P10096');
INSERT INTO Spring23_S003_4_carpool_owner (cpo_id, dl_no, name_on_acc, acc#, route#, bank_name, p_id) VALUES ('CPO10045', '42874314', 'Tiffani Grombridge', '7361028667', '369860634', 'JPMorgan Chase', 'P10064');
INSERT INTO Spring23_S003_4_carpool_owner (cpo_id, dl_no, name_on_acc, acc#, route#, bank_name, p_id) VALUES ('CPO10046', '97295357', 'Melosa Andrioli', '2214112252', '615978445', 'Citi Bank', 'P100108');
INSERT INTO Spring23_S003_4_carpool_owner (cpo_id, dl_no, name_on_acc, acc#, route#, bank_name, p_id) VALUES ('CPO10047', '16668509', 'Fayette Vannoni', '8768581057', '367718223', 'PNC Financial Services.', 'P10091');
INSERT INTO Spring23_S003_4_carpool_owner (cpo_id, dl_no, name_on_acc, acc#, route#, bank_name, p_id) VALUES ('CPO10048', '90073284', 'Broderic Briggs', '9243190215', '323448477', 'Wells Fargo.', 'P10090');
INSERT INTO Spring23_S003_4_carpool_owner (cpo_id, dl_no, name_on_acc, acc#, route#, bank_name, p_id) VALUES ('CPO10049', '19729930', 'Kirby Sears', '7457483377', '498509363', 'PNC Financial Services.', 'P100111');
INSERT INTO Spring23_S003_4_carpool_owner (cpo_id, dl_no, name_on_acc, acc#, route#, bank_name, p_id) VALUES ('CPO10050', '71466202', 'Jenna Dwyr', '3803648792', '703498126', 'Bank of America', 'P10069');
INSERT INTO Spring23_S003_4_carpool_owner (cpo_id, dl_no, name_on_acc, acc#, route#, bank_name, p_id) VALUES ('CPO10051', '50712310', 'Brooke McSharry', '924145384', '269230431', 'Citi Bank', 'P10088');
INSERT INTO Spring23_S003_4_carpool_owner (cpo_id, dl_no, name_on_acc, acc#, route#, bank_name, p_id) VALUES ('CPO10052', '74405331', 'Carroll McCoughan', '5119579512', '656541810', 'Citi Bank', 'P10089');



---3---
INSERT INTO Spring23_S003_4_carpool_rider (carpool_rider_id, stud_id, p_id) VALUES ('CPR1001', '817366697879', 'P100144');
INSERT INTO Spring23_S003_4_carpool_rider (carpool_rider_id, stud_id, p_id) VALUES ('CPR1002', '936533167777', 'P100138');
INSERT INTO Spring23_S003_4_carpool_rider (carpool_rider_id, stud_id, p_id) VALUES ('CPR1003', '657163218180', 'P100173');
INSERT INTO Spring23_S003_4_carpool_rider (carpool_rider_id, stud_id, p_id) VALUES ('CPR1004', '', 'P100147');
INSERT INTO Spring23_S003_4_carpool_rider (carpool_rider_id, stud_id, p_id) VALUES ('CPR1005', '709739760298', 'P100172');
INSERT INTO Spring23_S003_4_carpool_rider (carpool_rider_id, stud_id, p_id) VALUES ('CPR1006', '', 'P100155');
INSERT INTO Spring23_S003_4_carpool_rider (carpool_rider_id, stud_id, p_id) VALUES ('CPR1007', '', 'P100164');
INSERT INTO Spring23_S003_4_carpool_rider (carpool_rider_id, stud_id, p_id) VALUES ('CPR1008', '', 'P100128');
INSERT INTO Spring23_S003_4_carpool_rider (carpool_rider_id, stud_id, p_id) VALUES ('CPR1009', '422985265084', 'P100166');
INSERT INTO Spring23_S003_4_carpool_rider (carpool_rider_id, stud_id, p_id) VALUES ('CPR10010', '', 'P100117');
INSERT INTO Spring23_S003_4_carpool_rider (carpool_rider_id, stud_id, p_id) VALUES ('CPR10011', '176470821443', 'P100145');
INSERT INTO Spring23_S003_4_carpool_rider (carpool_rider_id, stud_id, p_id) VALUES ('CPR10012', '755579612774', 'P100118');
INSERT INTO Spring23_S003_4_carpool_rider (carpool_rider_id, stud_id, p_id) VALUES ('CPR10013', '297766364723', 'P100120');
INSERT INTO Spring23_S003_4_carpool_rider (carpool_rider_id, stud_id, p_id) VALUES ('CPR10014', '', 'P100140');
INSERT INTO Spring23_S003_4_carpool_rider (carpool_rider_id, stud_id, p_id) VALUES ('CPR10015', '985300801751', 'P100141');
INSERT INTO Spring23_S003_4_carpool_rider (carpool_rider_id, stud_id, p_id) VALUES ('CPR10016', '', 'P100133');
INSERT INTO Spring23_S003_4_carpool_rider (carpool_rider_id, stud_id, p_id) VALUES ('CPR10017', '962662497917', 'P100170');
INSERT INTO Spring23_S003_4_carpool_rider (carpool_rider_id, stud_id, p_id) VALUES ('CPR10018', '549787100530', 'P100171');
INSERT INTO Spring23_S003_4_carpool_rider (carpool_rider_id, stud_id, p_id) VALUES ('CPR10019', '636407138934', 'P100123');
INSERT INTO Spring23_S003_4_carpool_rider (carpool_rider_id, stud_id, p_id) VALUES ('CPR10020', '503225914152', 'P100126');
INSERT INTO Spring23_S003_4_carpool_rider (carpool_rider_id, stud_id, p_id) VALUES ('CPR10021', '367818159854', 'P100137');
INSERT INTO Spring23_S003_4_carpool_rider (carpool_rider_id, stud_id, p_id) VALUES ('CPR10022', '', 'P100156');
INSERT INTO Spring23_S003_4_carpool_rider (carpool_rider_id, stud_id, p_id) VALUES ('CPR10023', '', 'P100163');
INSERT INTO Spring23_S003_4_carpool_rider (carpool_rider_id, stud_id, p_id) VALUES ('CPR10024', '135904684948', 'P100168');
INSERT INTO Spring23_S003_4_carpool_rider (carpool_rider_id, stud_id, p_id) VALUES ('CPR10025', '', 'P100131');
INSERT INTO Spring23_S003_4_carpool_rider (carpool_rider_id, stud_id, p_id) VALUES ('CPR10026', '478447584772', 'P100169');
INSERT INTO Spring23_S003_4_carpool_rider (carpool_rider_id, stud_id, p_id) VALUES ('CPR10027', '304127399499', 'P100165');
INSERT INTO Spring23_S003_4_carpool_rider (carpool_rider_id, stud_id, p_id) VALUES ('CPR10028', '408824287482', 'P100160');
INSERT INTO Spring23_S003_4_carpool_rider (carpool_rider_id, stud_id, p_id) VALUES ('CPR10029', '661545000334', 'P100158');
INSERT INTO Spring23_S003_4_carpool_rider (carpool_rider_id, stud_id, p_id) VALUES ('CPR10030', '', 'P100139');
INSERT INTO Spring23_S003_4_carpool_rider (carpool_rider_id, stud_id, p_id) VALUES ('CPR10031', '', 'P100162');
INSERT INTO Spring23_S003_4_carpool_rider (carpool_rider_id, stud_id, p_id) VALUES ('CPR10032', '', 'P100174');
INSERT INTO Spring23_S003_4_carpool_rider (carpool_rider_id, stud_id, p_id) VALUES ('CPR10033', '396655705963', 'P100152');
INSERT INTO Spring23_S003_4_carpool_rider (carpool_rider_id, stud_id, p_id) VALUES ('CPR10034', '512423672898', 'P100127');
INSERT INTO Spring23_S003_4_carpool_rider (carpool_rider_id, stud_id, p_id) VALUES ('CPR10035', '', 'P100121');
INSERT INTO Spring23_S003_4_carpool_rider (carpool_rider_id, stud_id, p_id) VALUES ('CPR10036', '', 'P100122');
INSERT INTO Spring23_S003_4_carpool_rider (carpool_rider_id, stud_id, p_id) VALUES ('CPR10037', '', 'P100125');
INSERT INTO Spring23_S003_4_carpool_rider (carpool_rider_id, stud_id, p_id) VALUES ('CPR10038', '645634194862', 'P100119');
INSERT INTO Spring23_S003_4_carpool_rider (carpool_rider_id, stud_id, p_id) VALUES ('CPR10039', '', 'P100151');
INSERT INTO Spring23_S003_4_carpool_rider (carpool_rider_id, stud_id, p_id) VALUES ('CPR10040', '', 'P100143');
INSERT INTO Spring23_S003_4_carpool_rider (carpool_rider_id, stud_id, p_id) VALUES ('CPR10041', '769773047081', 'P100157');
INSERT INTO Spring23_S003_4_carpool_rider (carpool_rider_id, stud_id, p_id) VALUES ('CPR10042', '337879682457', 'P100142');
INSERT INTO Spring23_S003_4_carpool_rider (carpool_rider_id, stud_id, p_id) VALUES ('CPR10043', '183745928691', 'P100149');
INSERT INTO Spring23_S003_4_carpool_rider (carpool_rider_id, stud_id, p_id) VALUES ('CPR10044', '437735401830', 'P100148');
INSERT INTO Spring23_S003_4_carpool_rider (carpool_rider_id, stud_id, p_id) VALUES ('CPR10045', '', 'P100135');
INSERT INTO Spring23_S003_4_carpool_rider (carpool_rider_id, stud_id, p_id) VALUES ('CPR10046', '627564285282', 'P100116');
INSERT INTO Spring23_S003_4_carpool_rider (carpool_rider_id, stud_id, p_id) VALUES ('CPR10047', '', 'P100130');
INSERT INTO Spring23_S003_4_carpool_rider (carpool_rider_id, stud_id, p_id) VALUES ('CPR10048', '566850172660', 'P100136');
INSERT INTO Spring23_S003_4_carpool_rider (carpool_rider_id, stud_id, p_id) VALUES ('CPR10049', '207215829366', 'P100146');
INSERT INTO Spring23_S003_4_carpool_rider (carpool_rider_id, stud_id, p_id) VALUES ('CPR10050', '', 'P100161');
INSERT INTO Spring23_S003_4_carpool_rider (carpool_rider_id, stud_id, p_id) VALUES ('CPR10051', '566488007941', 'P100132');
INSERT INTO Spring23_S003_4_carpool_rider (carpool_rider_id, stud_id, p_id) VALUES ('CPR10052', '', 'P100154');
INSERT INTO Spring23_S003_4_carpool_rider (carpool_rider_id, stud_id, p_id) VALUES ('CPR10053', '727259916085', 'P100129');
INSERT INTO Spring23_S003_4_carpool_rider (carpool_rider_id, stud_id, p_id) VALUES ('CPR10054', '', 'P100134');
INSERT INTO Spring23_S003_4_carpool_rider (carpool_rider_id, stud_id, p_id) VALUES ('CPR10055', '', 'P100150');
INSERT INTO Spring23_S003_4_carpool_rider (carpool_rider_id, stud_id, p_id) VALUES ('CPR10056', '', 'P100153');
INSERT INTO Spring23_S003_4_carpool_rider (carpool_rider_id, stud_id, p_id) VALUES ('CPR10057', '', 'P100124');
INSERT INTO Spring23_S003_4_carpool_rider (carpool_rider_id, stud_id, p_id) VALUES ('CPR10058', '355720439249', 'P100159');
INSERT INTO Spring23_S003_4_carpool_rider (carpool_rider_id, stud_id, p_id) VALUES ('CPR10059', '186953038324', 'P100167');


---4----
INSERT INTO Spring23_S003_4_carpool_rider_debit (carpool_rider_id, name_on_card, card#, exp_dt, CVV) VALUES ('CPR1001', 'Freedman Lanfare', '7429173029835730', '1-Apr-2025', '537');
INSERT INTO Spring23_S003_4_carpool_rider_debit (carpool_rider_id, name_on_card, card#, exp_dt, CVV) VALUES ('CPR1001', 'Freedman Lanfare', '5731275905453840', '21-Jul-2026', '829');
INSERT INTO Spring23_S003_4_carpool_rider_debit (carpool_rider_id, name_on_card, card#, exp_dt, CVV) VALUES ('CPR1002', 'Loree Rosenbusch', '8114223045474240', '21-Feb-2023', '620');
INSERT INTO Spring23_S003_4_carpool_rider_debit (carpool_rider_id, name_on_card, card#, exp_dt, CVV) VALUES ('CPR1003', 'Vernon McKeon', '3220975137962570', '16-Jun-2022', '550');
INSERT INTO Spring23_S003_4_carpool_rider_debit (carpool_rider_id, name_on_card, card#, exp_dt, CVV) VALUES ('CPR1004', 'Tuckie Borham', '4298924083241480', '15-Apr-2024', '607');
INSERT INTO Spring23_S003_4_carpool_rider_debit (carpool_rider_id, name_on_card, card#, exp_dt, CVV) VALUES ('CPR1005', 'Lief Slatten', '2907041534076420', '26-Jan-2025', '961');
INSERT INTO Spring23_S003_4_carpool_rider_debit (carpool_rider_id, name_on_card, card#, exp_dt, CVV) VALUES ('CPR1005', 'Lief Slatten', '8136970126320850', '6-Aug-2022', '591');
INSERT INTO Spring23_S003_4_carpool_rider_debit (carpool_rider_id, name_on_card, card#, exp_dt, CVV) VALUES ('CPR1005', 'Lief Slatten', '1435428785203920', '29-Aug-2023', '293');
INSERT INTO Spring23_S003_4_carpool_rider_debit (carpool_rider_id, name_on_card, card#, exp_dt, CVV) VALUES ('CPR1006', 'Phillie Sivell', '2664764056683510', '6-Nov-2023', '733');
INSERT INTO Spring23_S003_4_carpool_rider_debit (carpool_rider_id, name_on_card, card#, exp_dt, CVV) VALUES ('CPR1007', 'Andrus Carty', '1664017391925390', '18-Apr-2027', '253');
INSERT INTO Spring23_S003_4_carpool_rider_debit (carpool_rider_id, name_on_card, card#, exp_dt, CVV) VALUES ('CPR1007', 'Andrus Carty', '5232934568150000', '2-Dec-2027', '435');
INSERT INTO Spring23_S003_4_carpool_rider_debit (carpool_rider_id, name_on_card, card#, exp_dt, CVV) VALUES ('CPR1008', 'Paxton Davenhill', '4731712275702300', '18-Jul-2027', '159');
INSERT INTO Spring23_S003_4_carpool_rider_debit (carpool_rider_id, name_on_card, card#, exp_dt, CVV) VALUES ('CPR1009', 'Brendon Doole', '2926341085761350', '28-Oct-2025', '880');
INSERT INTO Spring23_S003_4_carpool_rider_debit (carpool_rider_id, name_on_card, card#, exp_dt, CVV) VALUES ('CPR10010', 'Janela Warsap', '7387037894903880', '26-May-2022', '627');
INSERT INTO Spring23_S003_4_carpool_rider_debit (carpool_rider_id, name_on_card, card#, exp_dt, CVV) VALUES ('CPR10011', 'Agace Chalker', '3185046702018250', '13-Jul-2022', '384');
INSERT INTO Spring23_S003_4_carpool_rider_debit (carpool_rider_id, name_on_card, card#, exp_dt, CVV) VALUES ('CPR10012', 'ChristosnJerrand', '6994643801551970', '19-Nov-2023', '150');
INSERT INTO Spring23_S003_4_carpool_rider_debit (carpool_rider_id, name_on_card, card#, exp_dt, CVV) VALUES ('CPR10013', 'Nicky Joscelin', '4550536200616640', '2-May-2027', '735');
INSERT INTO Spring23_S003_4_carpool_rider_debit (carpool_rider_id, name_on_card, card#, exp_dt, CVV) VALUES ('CPR10014', 'Iggy McCard', '6023963727014700', '12-Feb-2025', '356');
INSERT INTO Spring23_S003_4_carpool_rider_debit (carpool_rider_id, name_on_card, card#, exp_dt, CVV) VALUES ('CPR10015', 'Damon Lis', '2246631210429970', '2-Aug-2026', '988');
INSERT INTO Spring23_S003_4_carpool_rider_debit (carpool_rider_id, name_on_card, card#, exp_dt, CVV) VALUES ('CPR10016', 'Elwira Whiteside', '8828743944616400', '14-Apr-2024', '840');
INSERT INTO Spring23_S003_4_carpool_rider_debit (carpool_rider_id, name_on_card, card#, exp_dt, CVV) VALUES ('CPR10017', 'Osbert Cantu', '5710122044387050', '9-Jan-2025', '593');
INSERT INTO Spring23_S003_4_carpool_rider_debit (carpool_rider_id, name_on_card, card#, exp_dt, CVV) VALUES ('CPR10018', 'Manny Wisniewski', '7466378524095980', '6-Feb-2023', '606');
INSERT INTO Spring23_S003_4_carpool_rider_debit (carpool_rider_id, name_on_card, card#, exp_dt, CVV) VALUES ('CPR10019', 'Aurelie Janca', '2115385498224290', '26-Jun-2023', '591');
INSERT INTO Spring23_S003_4_carpool_rider_debit (carpool_rider_id, name_on_card, card#, exp_dt, CVV) VALUES ('CPR10019', 'Aurelie Janca', '3498016981806500', '30-Sep-2027', '135');
INSERT INTO Spring23_S003_4_carpool_rider_debit (carpool_rider_id, name_on_card, card#, exp_dt, CVV) VALUES ('CPR10020', 'Wilona Neads', '8461710730222050', '29-May-2025', '400');
INSERT INTO Spring23_S003_4_carpool_rider_debit (carpool_rider_id, name_on_card, card#, exp_dt, CVV) VALUES ('CPR10021', 'Lanie Sugarman', '3696887155487550', '1-Aug-2023', '764');
INSERT INTO Spring23_S003_4_carpool_rider_debit (carpool_rider_id, name_on_card, card#, exp_dt, CVV) VALUES ('CPR10022', 'Ira Heenan', '7292360635962300', '15-Jun-2023', '173');
INSERT INTO Spring23_S003_4_carpool_rider_debit (carpool_rider_id, name_on_card, card#, exp_dt, CVV) VALUES ('CPR10023', 'Jobyna Oller', '4240214027891770', '17-Jan-2023', '438');
INSERT INTO Spring23_S003_4_carpool_rider_debit (carpool_rider_id, name_on_card, card#, exp_dt, CVV) VALUES ('CPR10024', 'Lorant Grattan', '1332175717237770', '4-May-2023', '181');
INSERT INTO Spring23_S003_4_carpool_rider_debit (carpool_rider_id, name_on_card, card#, exp_dt, CVV) VALUES ('CPR10025', 'Torey Urian', '8682780917701110', '30-Aug-2025', '669');
INSERT INTO Spring23_S003_4_carpool_rider_debit (carpool_rider_id, name_on_card, card#, exp_dt, CVV) VALUES ('CPR10025', 'Torey Urian', '4764726318363150', '29-Mar-2023', '957');
INSERT INTO Spring23_S003_4_carpool_rider_debit (carpool_rider_id, name_on_card, card#, exp_dt, CVV) VALUES ('CPR10026', 'Rockey Freshwater', '5653313168246860', '21-Feb-2025', '699');
INSERT INTO Spring23_S003_4_carpool_rider_debit (carpool_rider_id, name_on_card, card#, exp_dt, CVV) VALUES ('CPR10027', 'Celisse Taffarello', '3768610840670070', '30-Mar-2026', '693');
INSERT INTO Spring23_S003_4_carpool_rider_debit (carpool_rider_id, name_on_card, card#, exp_dt, CVV) VALUES ('CPR10028', 'Myrna Adess', '4182309698455390', '20-Sep-2023', '200');
INSERT INTO Spring23_S003_4_carpool_rider_debit (carpool_rider_id, name_on_card, card#, exp_dt, CVV) VALUES ('CPR10029', 'Sallyann Brounsell', '8122788254771260', '7-Apr-2027', '830');
INSERT INTO Spring23_S003_4_carpool_rider_debit (carpool_rider_id, name_on_card, card#, exp_dt, CVV) VALUES ('CPR10030', 'Wilhelmine Mogie', '4311202474665110', '3-Dec-2025', '864');
INSERT INTO Spring23_S003_4_carpool_rider_debit (carpool_rider_id, name_on_card, card#, exp_dt, CVV) VALUES ('CPR10031', 'Florinda Mousley', '7406036500815320', '18-Dec-2023', '425');
INSERT INTO Spring23_S003_4_carpool_rider_debit (carpool_rider_id, name_on_card, card#, exp_dt, CVV) VALUES ('CPR10031', 'Florinda Mousley', '7132810896424220', '13-Jan-2028', '602');
INSERT INTO Spring23_S003_4_carpool_rider_debit (carpool_rider_id, name_on_card, card#, exp_dt, CVV) VALUES ('CPR10032', 'Anitra Thewys', '8572454330214420', '8-Apr-2027', '335');
INSERT INTO Spring23_S003_4_carpool_rider_debit (carpool_rider_id, name_on_card, card#, exp_dt, CVV) VALUES ('CPR10033', 'Maurice Sebastian', '7658647860928800', '31-Jan-2025', '798');
INSERT INTO Spring23_S003_4_carpool_rider_debit (carpool_rider_id, name_on_card, card#, exp_dt, CVV) VALUES ('CPR10034', 'Demetria Yonge', '8505049080408480', '18-Jun-2023', '160');
INSERT INTO Spring23_S003_4_carpool_rider_debit (carpool_rider_id, name_on_card, card#, exp_dt, CVV) VALUES ('CPR10035', 'Saw Mattedi', '3836896001030910', '9-May-2024', '445');
INSERT INTO Spring23_S003_4_carpool_rider_debit (carpool_rider_id, name_on_card, card#, exp_dt, CVV) VALUES ('CPR10036', 'Kizzee Mauchlen', '6289636148730840', '16-Sep-2026', '654');
INSERT INTO Spring23_S003_4_carpool_rider_debit (carpool_rider_id, name_on_card, card#, exp_dt, CVV) VALUES ('CPR10037', 'Clemens McArte', '2767690590716740', '23-Apr-2025', '677');
INSERT INTO Spring23_S003_4_carpool_rider_debit (carpool_rider_id, name_on_card, card#, exp_dt, CVV) VALUES ('CPR10038', 'Ferdinande Stainland', '1719757247315010', '2-Jan-2028', '957');
INSERT INTO Spring23_S003_4_carpool_rider_debit (carpool_rider_id, name_on_card, card#, exp_dt, CVV) VALUES ('CPR10039', 'Godart Effnert', '2040159501463130', '12-Oct-2023', '670');
INSERT INTO Spring23_S003_4_carpool_rider_debit (carpool_rider_id, name_on_card, card#, exp_dt, CVV) VALUES ('CPR10040', 'Franni Trelease', '7120049429497710', '28-Jun-2026', '706');
INSERT INTO Spring23_S003_4_carpool_rider_debit (carpool_rider_id, name_on_card, card#, exp_dt, CVV) VALUES ('CPR10041', 'Hilly Serraillier', '2569951489588200', '7-May-2026', '121');
INSERT INTO Spring23_S003_4_carpool_rider_debit (carpool_rider_id, name_on_card, card#, exp_dt, CVV) VALUES ('CPR10041', 'Hilly Serraillier', '8870222357411520', '9-Dec-2026', '811');
INSERT INTO Spring23_S003_4_carpool_rider_debit (carpool_rider_id, name_on_card, card#, exp_dt, CVV) VALUES ('CPR10042', 'Becki Sarra', '5204376604791600', '24-Apr-2022', '213');
INSERT INTO Spring23_S003_4_carpool_rider_debit (carpool_rider_id, name_on_card, card#, exp_dt, CVV) VALUES ('CPR10043', 'Leann Breddy', '7132663466888790', '9-Jun-2022', '886');
INSERT INTO Spring23_S003_4_carpool_rider_debit (carpool_rider_id, name_on_card, card#, exp_dt, CVV) VALUES ('CPR10044', 'Gerrilee Kundt', '8544114801430100', '30-Jan-2028', '576');
INSERT INTO Spring23_S003_4_carpool_rider_debit (carpool_rider_id, name_on_card, card#, exp_dt, CVV) VALUES ('CPR10045', 'Mychal Banaszczyk', '5829324495470110', '22-Aug-2026', '729');
INSERT INTO Spring23_S003_4_carpool_rider_debit (carpool_rider_id, name_on_card, card#, exp_dt, CVV) VALUES ('CPR10046', 'Easter Sharpless', '2555939301871110', '18-Jan-2026', '556');
INSERT INTO Spring23_S003_4_carpool_rider_debit (carpool_rider_id, name_on_card, card#, exp_dt, CVV) VALUES ('CPR10047', 'Millicent Deval', '8321591078719760', '3-Jun-2027', '866');
INSERT INTO Spring23_S003_4_carpool_rider_debit (carpool_rider_id, name_on_card, card#, exp_dt, CVV) VALUES ('CPR10048', 'Roma Dannett', '5262625148964370', '9-Feb-2025', '924');
INSERT INTO Spring23_S003_4_carpool_rider_debit (carpool_rider_id, name_on_card, card#, exp_dt, CVV) VALUES ('CPR10049', 'Kiri Tavernor', '3478262170595910', '24-Mar-2028', '222');
INSERT INTO Spring23_S003_4_carpool_rider_debit (carpool_rider_id, name_on_card, card#, exp_dt, CVV) VALUES ('CPR10050', 'Denny Gibling', '3872142961967820', '17-Dec-2026', '883');
INSERT INTO Spring23_S003_4_carpool_rider_debit (carpool_rider_id, name_on_card, card#, exp_dt, CVV) VALUES ('CPR10051', 'Georgiana Whitechurch', '2068260359960900', '23-May-2024', '348');
INSERT INTO Spring23_S003_4_carpool_rider_debit (carpool_rider_id, name_on_card, card#, exp_dt, CVV) VALUES ('CPR10052', 'Milissent Southey', '7236139205190710', '3-Feb-2026', '366');
INSERT INTO Spring23_S003_4_carpool_rider_debit (carpool_rider_id, name_on_card, card#, exp_dt, CVV) VALUES ('CPR10052', 'Milissent Southey', '3038056456582490', '25-Mar-2024', '506');
INSERT INTO Spring23_S003_4_carpool_rider_debit (carpool_rider_id, name_on_card, card#, exp_dt, CVV) VALUES ('CPR10053', 'Sherlocke Gauche', '3649527946808730', '13-Jun-2027', '819');
INSERT INTO Spring23_S003_4_carpool_rider_debit (carpool_rider_id, name_on_card, card#, exp_dt, CVV) VALUES ('CPR10054', 'Celie Moger', '7331478583314570', '10-Nov-2024', '957');
INSERT INTO Spring23_S003_4_carpool_rider_debit (carpool_rider_id, name_on_card, card#, exp_dt, CVV) VALUES ('CPR10054', 'Celie Moger', '1924508066018430', '2-Mar-2025', '962');
INSERT INTO Spring23_S003_4_carpool_rider_debit (carpool_rider_id, name_on_card, card#, exp_dt, CVV) VALUES ('CPR10055', 'Yardley de Juares', '7049126349086420', '5-Aug-2023', '686');
INSERT INTO Spring23_S003_4_carpool_rider_debit (carpool_rider_id, name_on_card, card#, exp_dt, CVV) VALUES ('CPR10056', 'Rupert Pershouse', '1991464644175150', '11-Jul-2025', '370');
INSERT INTO Spring23_S003_4_carpool_rider_debit (carpool_rider_id, name_on_card, card#, exp_dt, CVV) VALUES ('CPR10057', 'Edlin Bramwell', '6973354720314260', '22-Jul-2027', '981');
INSERT INTO Spring23_S003_4_carpool_rider_debit (carpool_rider_id, name_on_card, card#, exp_dt, CVV) VALUES ('CPR10057', 'Edlin Bramwell', '3257821766377400', '24-Apr-2022', '974');
INSERT INTO Spring23_S003_4_carpool_rider_debit (carpool_rider_id, name_on_card, card#, exp_dt, CVV) VALUES ('CPR10058', 'Travus McTrustie', '4636093343712700', '3-Jun-2023', '909');
INSERT INTO Spring23_S003_4_carpool_rider_debit (carpool_rider_id, name_on_card, card#, exp_dt, CVV) VALUES ('CPR10059', 'Nester Albro', '4981473295770660', '19-May-2027', '434');



----5---
INSERT INTO Spring23_S003_4_car_renter (renter_id, stud_id, dl_no, p_id) VALUES ('CR1001', '466599755378', '45840734', 'P100184');
INSERT INTO Spring23_S003_4_car_renter (renter_id, stud_id, dl_no, p_id) VALUES ('CR1002', '', '88402027', 'P100230');
INSERT INTO Spring23_S003_4_car_renter (renter_id, stud_id, dl_no, p_id) VALUES ('CR1003', '724945655776', '98059145', 'P100203');
INSERT INTO Spring23_S003_4_car_renter (renter_id, stud_id, dl_no, p_id) VALUES ('CR1004', '203531763731', '45580883', 'P100190');
INSERT INTO Spring23_S003_4_car_renter (renter_id, stud_id, dl_no, p_id) VALUES ('CR1005', '', '75320948', 'P100208');
INSERT INTO Spring23_S003_4_car_renter (renter_id, stud_id, dl_no, p_id) VALUES ('CR1006', '840931701591', '93810402', 'P100176');
INSERT INTO Spring23_S003_4_car_renter (renter_id, stud_id, dl_no, p_id) VALUES ('CR1007', '745841334627', '54784449', 'P100217');
INSERT INTO Spring23_S003_4_car_renter (renter_id, stud_id, dl_no, p_id) VALUES ('CR1008', '', '33418157', 'P100181');
INSERT INTO Spring23_S003_4_car_renter (renter_id, stud_id, dl_no, p_id) VALUES ('CR1009', '', '23422936', 'P100216');
INSERT INTO Spring23_S003_4_car_renter (renter_id, stud_id, dl_no, p_id) VALUES ('CR10010', '184554227628', '63666977', 'P100183');
INSERT INTO Spring23_S003_4_car_renter (renter_id, stud_id, dl_no, p_id) VALUES ('CR10011', '359711611164', '86937723', 'P100177');
INSERT INTO Spring23_S003_4_car_renter (renter_id, stud_id, dl_no, p_id) VALUES ('CR10012', '949328975743', '12101101', 'P100228');
INSERT INTO Spring23_S003_4_car_renter (renter_id, stud_id, dl_no, p_id) VALUES ('CR10013', '122117320059', '15218090', 'P100182');
INSERT INTO Spring23_S003_4_car_renter (renter_id, stud_id, dl_no, p_id) VALUES ('CR10014', '292994756099', '92198430', 'P100207');
INSERT INTO Spring23_S003_4_car_renter (renter_id, stud_id, dl_no, p_id) VALUES ('CR10015', '781684820420', '59924243', 'P100198');
INSERT INTO Spring23_S003_4_car_renter (renter_id, stud_id, dl_no, p_id) VALUES ('CR10016', '', '93551239', 'P100194');
INSERT INTO Spring23_S003_4_car_renter (renter_id, stud_id, dl_no, p_id) VALUES ('CR10017', '318701761762', '99703840', 'P100206');
INSERT INTO Spring23_S003_4_car_renter (renter_id, stud_id, dl_no, p_id) VALUES ('CR10018', '559384894050', '92260425', 'P100205');
INSERT INTO Spring23_S003_4_car_renter (renter_id, stud_id, dl_no, p_id) VALUES ('CR10019', '281457403078', '76986435', 'P100188');
INSERT INTO Spring23_S003_4_car_renter (renter_id, stud_id, dl_no, p_id) VALUES ('CR10020', '582818974599', '23553002', 'P100180');
INSERT INTO Spring23_S003_4_car_renter (renter_id, stud_id, dl_no, p_id) VALUES ('CR10021', '', '29340830', 'P100192');
INSERT INTO Spring23_S003_4_car_renter (renter_id, stud_id, dl_no, p_id) VALUES ('CR10022', '', '48367412', 'P100175');
INSERT INTO Spring23_S003_4_car_renter (renter_id, stud_id, dl_no, p_id) VALUES ('CR10023', '', '24780135', 'P100187');
INSERT INTO Spring23_S003_4_car_renter (renter_id, stud_id, dl_no, p_id) VALUES ('CR10024', '309318310299', '36609503', 'P100219');
INSERT INTO Spring23_S003_4_car_renter (renter_id, stud_id, dl_no, p_id) VALUES ('CR10025', '407485382741', '18033244', 'P100215');
INSERT INTO Spring23_S003_4_car_renter (renter_id, stud_id, dl_no, p_id) VALUES ('CR10026', '248198311683', '12865679', 'P100231');
INSERT INTO Spring23_S003_4_car_renter (renter_id, stud_id, dl_no, p_id) VALUES ('CR10027', '467839671147', '44165198', 'P100214');
INSERT INTO Spring23_S003_4_car_renter (renter_id, stud_id, dl_no, p_id) VALUES ('CR10028', '973879912076', '32183028', 'P100202');
INSERT INTO Spring23_S003_4_car_renter (renter_id, stud_id, dl_no, p_id) VALUES ('CR10029', '', '72478831', 'P100196');
INSERT INTO Spring23_S003_4_car_renter (renter_id, stud_id, dl_no, p_id) VALUES ('CR10030', '415574081310', '29780569', 'P100225');
INSERT INTO Spring23_S003_4_car_renter (renter_id, stud_id, dl_no, p_id) VALUES ('CR10031', '539503219842', '56146304', 'P100199');
INSERT INTO Spring23_S003_4_car_renter (renter_id, stud_id, dl_no, p_id) VALUES ('CR10032', '', '15955239', 'P100227');
INSERT INTO Spring23_S003_4_car_renter (renter_id, stud_id, dl_no, p_id) VALUES ('CR10033', '', '25963845', 'P100229');
INSERT INTO Spring23_S003_4_car_renter (renter_id, stud_id, dl_no, p_id) VALUES ('CR10034', '', '98680667', 'P100220');
INSERT INTO Spring23_S003_4_car_renter (renter_id, stud_id, dl_no, p_id) VALUES ('CR10035', '364758136367', '16720031', 'P100197');
INSERT INTO Spring23_S003_4_car_renter (renter_id, stud_id, dl_no, p_id) VALUES ('CR10036', '315505023865', '45707440', 'P100213');
INSERT INTO Spring23_S003_4_car_renter (renter_id, stud_id, dl_no, p_id) VALUES ('CR10037', '', '92025030', 'P100186');
INSERT INTO Spring23_S003_4_car_renter (renter_id, stud_id, dl_no, p_id) VALUES ('CR10038', '422114776286', '76356594', 'P100221');
INSERT INTO Spring23_S003_4_car_renter (renter_id, stud_id, dl_no, p_id) VALUES ('CR10039', '', '47507573', 'P100211');
INSERT INTO Spring23_S003_4_car_renter (renter_id, stud_id, dl_no, p_id) VALUES ('CR10040', '682407631028', '92514226', 'P100222');
INSERT INTO Spring23_S003_4_car_renter (renter_id, stud_id, dl_no, p_id) VALUES ('CR10041', '905762469750', '92247005', 'P100201');
INSERT INTO Spring23_S003_4_car_renter (renter_id, stud_id, dl_no, p_id) VALUES ('CR10042', '915432386915', '75767799', 'P100204');
INSERT INTO Spring23_S003_4_car_renter (renter_id, stud_id, dl_no, p_id) VALUES ('CR10043', '889315412155', '86183937', 'P100224');
INSERT INTO Spring23_S003_4_car_renter (renter_id, stud_id, dl_no, p_id) VALUES ('CR10044', '', '79036629', 'P100189');
INSERT INTO Spring23_S003_4_car_renter (renter_id, stud_id, dl_no, p_id) VALUES ('CR10045', '445405064442', '69669362', 'P100218');
INSERT INTO Spring23_S003_4_car_renter (renter_id, stud_id, dl_no, p_id) VALUES ('CR10046', '321129838326', '28133034', 'P100179');
INSERT INTO Spring23_S003_4_car_renter (renter_id, stud_id, dl_no, p_id) VALUES ('CR10047', '860230926757', '70364525', 'P100195');
INSERT INTO Spring23_S003_4_car_renter (renter_id, stud_id, dl_no, p_id) VALUES ('CR10048', '357876545983', '89862545', 'P100232');
INSERT INTO Spring23_S003_4_car_renter (renter_id, stud_id, dl_no, p_id) VALUES ('CR10049', '166886465471', '45405828', 'P100212');
INSERT INTO Spring23_S003_4_car_renter (renter_id, stud_id, dl_no, p_id) VALUES ('CR10050', '440485878495', '84887008', 'P100191');
INSERT INTO Spring23_S003_4_car_renter (renter_id, stud_id, dl_no, p_id) VALUES ('CR10051', '', '76887534', 'P100178');
INSERT INTO Spring23_S003_4_car_renter (renter_id, stud_id, dl_no, p_id) VALUES ('CR10052', '195509679158', '50886539', 'P100185');
INSERT INTO Spring23_S003_4_car_renter (renter_id, stud_id, dl_no, p_id) VALUES ('CR10053', '502898835550', '83240489', 'P100223');
INSERT INTO Spring23_S003_4_car_renter (renter_id, stud_id, dl_no, p_id) VALUES ('CR10054', '761799984342', '51673165', 'P100200');
INSERT INTO Spring23_S003_4_car_renter (renter_id, stud_id, dl_no, p_id) VALUES ('CR10055', '769210882652', '80597394', 'P100226');
INSERT INTO Spring23_S003_4_car_renter (renter_id, stud_id, dl_no, p_id) VALUES ('CR10056', '137168879156', '58575483', 'P100193');
INSERT INTO Spring23_S003_4_car_renter (renter_id, stud_id, dl_no, p_id) VALUES ('CR10057', '390183371062', '27946494', 'P100209');
INSERT INTO Spring23_S003_4_car_renter (renter_id, stud_id, dl_no, p_id) VALUES ('CR10058', '411558289446', '21028091', 'P100210');


---6---
INSERT INTO Spring23_S003_4_car_renter_debit (renter_id, name_on_card, card#, exp_dt, CVV) VALUES ('CR1001', 'Sheri Josefowicz', '5794862323324220', '7-Jun-2025', '188');
INSERT INTO Spring23_S003_4_car_renter_debit (renter_id, name_on_card, card#, exp_dt, CVV) VALUES ('CR1001', 'Sheri Josefowicz', '8019994230652300', '4-Oct-2027', '495');
INSERT INTO Spring23_S003_4_car_renter_debit (renter_id, name_on_card, card#, exp_dt, CVV) VALUES ('CR1002', 'Gayel Bovaird', '3419649746001050', '31-Dec-2022', '555');
INSERT INTO Spring23_S003_4_car_renter_debit (renter_id, name_on_card, card#, exp_dt, CVV) VALUES ('CR1003', 'Jemmie McDavid', '4255119948971910', '31-May-2024', '303');
INSERT INTO Spring23_S003_4_car_renter_debit (renter_id, name_on_card, card#, exp_dt, CVV) VALUES ('CR1004', 'Coretta Hawe', '6676071021472290', '17-Apr-2027', '335');
INSERT INTO Spring23_S003_4_car_renter_debit (renter_id, name_on_card, card#, exp_dt, CVV) VALUES ('CR1004', 'Coretta Hawe', '6436847340690610', '15-Jul-2025', '305');
INSERT INTO Spring23_S003_4_car_renter_debit (renter_id, name_on_card, card#, exp_dt, CVV) VALUES ('CR1005', 'Martie Starling', '3898259068815610', '3-May-2025', '681');
INSERT INTO Spring23_S003_4_car_renter_debit (renter_id, name_on_card, card#, exp_dt, CVV) VALUES ('CR1006', 'Sheila-kathryn Skule', '4892805958158410', '7-May-2026', '508');
INSERT INTO Spring23_S003_4_car_renter_debit (renter_id, name_on_card, card#, exp_dt, CVV) VALUES ('CR1007', 'Winfield Tutchener', '3589389647309300', '21-Dec-2025', '786');
INSERT INTO Spring23_S003_4_car_renter_debit (renter_id, name_on_card, card#, exp_dt, CVV) VALUES ('CR1007', 'Winfield Tutchener', '8777978603591510', '2-Oct-2025', '651');
INSERT INTO Spring23_S003_4_car_renter_debit (renter_id, name_on_card, card#, exp_dt, CVV) VALUES ('CR1007', 'Winfield Tutchener', '8047495236614410', '25-Aug-2026', '875');
INSERT INTO Spring23_S003_4_car_renter_debit (renter_id, name_on_card, card#, exp_dt, CVV) VALUES ('CR1008', 'Nannette Moorhead', '6366744019499080', '11-Feb-2028', '743');
INSERT INTO Spring23_S003_4_car_renter_debit (renter_id, name_on_card, card#, exp_dt, CVV) VALUES ('CR1009', 'Caria Greiser', '7597725994223180', '4-Nov-2022', '247');
INSERT INTO Spring23_S003_4_car_renter_debit (renter_id, name_on_card, card#, exp_dt, CVV) VALUES ('CR10010', 'Anallese Olive', '1979279388292640', '20-Feb-2025', '993');
INSERT INTO Spring23_S003_4_car_renter_debit (renter_id, name_on_card, card#, exp_dt, CVV) VALUES ('CR10011', 'Esma Poolton', '8424942928947870', '31-May-2022', '415');
INSERT INTO Spring23_S003_4_car_renter_debit (renter_id, name_on_card, card#, exp_dt, CVV) VALUES ('CR10011', 'Esma Poolton', '3278593219429750', '24-Feb-2028', '262');
INSERT INTO Spring23_S003_4_car_renter_debit (renter_id, name_on_card, card#, exp_dt, CVV) VALUES ('CR10012', 'Maud Oleszcuk', '3431282062086000', '21-Aug-2024', '621');
INSERT INTO Spring23_S003_4_car_renter_debit (renter_id, name_on_card, card#, exp_dt, CVV) VALUES ('CR10013', 'Reginald Dennidge', '2048049938354200', '19-Apr-2023', '749');
INSERT INTO Spring23_S003_4_car_renter_debit (renter_id, name_on_card, card#, exp_dt, CVV) VALUES ('CR10014', 'Devin Ewers', '1601271580491020', '27-Sep-2026', '740');
INSERT INTO Spring23_S003_4_car_renter_debit (renter_id, name_on_card, card#, exp_dt, CVV) VALUES ('CR10015', 'Fernanda Maycey', '4961683373221240', '15-Feb-2028', '682');
INSERT INTO Spring23_S003_4_car_renter_debit (renter_id, name_on_card, card#, exp_dt, CVV) VALUES ('CR10016', 'Aubrey Duligal', '6699410837515810', '10-Dec-2027', '639');
INSERT INTO Spring23_S003_4_car_renter_debit (renter_id, name_on_card, card#, exp_dt, CVV) VALUES ('CR10016', 'Aubrey Duligal', '6897356024302340', '17-Jul-2025', '916');
INSERT INTO Spring23_S003_4_car_renter_debit (renter_id, name_on_card, card#, exp_dt, CVV) VALUES ('CR10017', 'Georgia Yanin', '4959446950726910', '18-May-2026', '968');
INSERT INTO Spring23_S003_4_car_renter_debit (renter_id, name_on_card, card#, exp_dt, CVV) VALUES ('CR10018', 'Anatollo Fairlaw', '4011662937715610', '17-May-2023', '445');
INSERT INTO Spring23_S003_4_car_renter_debit (renter_id, name_on_card, card#, exp_dt, CVV) VALUES ('CR10019', 'Bryna Traite', '3109558793951230', '22-Jul-2025', '609');
INSERT INTO Spring23_S003_4_car_renter_debit (renter_id, name_on_card, card#, exp_dt, CVV) VALUES ('CR10020', 'Vick McFetrich', '1271442687560230', '3-Apr-2025', '602');
INSERT INTO Spring23_S003_4_car_renter_debit (renter_id, name_on_card, card#, exp_dt, CVV) VALUES ('CR10021', 'Oralle Driver', '3106259328764590', '27-Mar-2025', '546');
INSERT INTO Spring23_S003_4_car_renter_debit (renter_id, name_on_card, card#, exp_dt, CVV) VALUES ('CR10022', 'Pall Videan', '3011563037718020', '9-May-2023', '590');
INSERT INTO Spring23_S003_4_car_renter_debit (renter_id, name_on_card, card#, exp_dt, CVV) VALUES ('CR10023', 'Diandra Odhams', '2614678401845360', '8-May-2025', '712');
INSERT INTO Spring23_S003_4_car_renter_debit (renter_id, name_on_card, card#, exp_dt, CVV) VALUES ('CR10023', 'Diandra Odhams', '2589238811150760', '9-Nov-2024', '791');
INSERT INTO Spring23_S003_4_car_renter_debit (renter_id, name_on_card, card#, exp_dt, CVV) VALUES ('CR10024', 'Colet Windas', '5048030703839020', '6-Dec-2023', '554');
INSERT INTO Spring23_S003_4_car_renter_debit (renter_id, name_on_card, card#, exp_dt, CVV) VALUES ('CR10025', 'Sallyann Joselovitch', '7328161212446120', '14-Mar-2024', '670');
INSERT INTO Spring23_S003_4_car_renter_debit (renter_id, name_on_card, card#, exp_dt, CVV) VALUES ('CR10026', 'Maye Mughal', '8162581354657850', '8-Jul-2026', '445');
INSERT INTO Spring23_S003_4_car_renter_debit (renter_id, name_on_card, card#, exp_dt, CVV) VALUES ('CR10026', 'Maye Mughal', '6728884377986130', '8-Jun-2025', '637');
INSERT INTO Spring23_S003_4_car_renter_debit (renter_id, name_on_card, card#, exp_dt, CVV) VALUES ('CR10027', 'Cob Fidler', '1649155118697120', '13-Jun-2022', '775');
INSERT INTO Spring23_S003_4_car_renter_debit (renter_id, name_on_card, card#, exp_dt, CVV) VALUES ('CR10028', 'Siouxie Cameron', '4961038168157630', '3-Sep-2025', '913');
INSERT INTO Spring23_S003_4_car_renter_debit (renter_id, name_on_card, card#, exp_dt, CVV) VALUES ('CR10029', 'Nerty Dobbinson', '3130403859936160', '30-Dec-2023', '898');
INSERT INTO Spring23_S003_4_car_renter_debit (renter_id, name_on_card, card#, exp_dt, CVV) VALUES ('CR10030', 'Elbertina Canceller', '7763066758342430', '10-Oct-2026', '504');
INSERT INTO Spring23_S003_4_car_renter_debit (renter_id, name_on_card, card#, exp_dt, CVV) VALUES ('CR10031', 'Sibby Cayley', '7545772869375600', '2-Jul-2027', '927');
INSERT INTO Spring23_S003_4_car_renter_debit (renter_id, name_on_card, card#, exp_dt, CVV) VALUES ('CR10032', 'Jada Mc Mechan', '8758034401448740', '7-Aug-2026', '910');
INSERT INTO Spring23_S003_4_car_renter_debit (renter_id, name_on_card, card#, exp_dt, CVV) VALUES ('CR10032', 'Jada Mc Mechan', '4309505660724860', '21-Dec-2022', '213');
INSERT INTO Spring23_S003_4_car_renter_debit (renter_id, name_on_card, card#, exp_dt, CVV) VALUES ('CR10033', 'Ty Wickham', '7029749752675100', '2-Jun-2024', '767');
INSERT INTO Spring23_S003_4_car_renter_debit (renter_id, name_on_card, card#, exp_dt, CVV) VALUES ('CR10034', 'Julee Remer', '5117339478934440', '13-Aug-2023', '827');
INSERT INTO Spring23_S003_4_car_renter_debit (renter_id, name_on_card, card#, exp_dt, CVV) VALUES ('CR10035', 'Ofella Wigelsworth', '3581228871259250', '22-Jan-2027', '488');
INSERT INTO Spring23_S003_4_car_renter_debit (renter_id, name_on_card, card#, exp_dt, CVV) VALUES ('CR10036', 'Judah Hugnet', '1512840344364070', '1-Mar-2027', '818');
INSERT INTO Spring23_S003_4_car_renter_debit (renter_id, name_on_card, card#, exp_dt, CVV) VALUES ('CR10037', 'Tailor Dossett', '6069536401269860', '10-Dec-2023', '931');
INSERT INTO Spring23_S003_4_car_renter_debit (renter_id, name_on_card, card#, exp_dt, CVV) VALUES ('CR10038', 'Venus Mulholland', '3197550731870680', '11-Oct-2024', '228');
INSERT INTO Spring23_S003_4_car_renter_debit (renter_id, name_on_card, card#, exp_dt, CVV) VALUES ('CR10039', 'Inger Kopps', '1619610366540730', '3-Oct-2024', '171');
INSERT INTO Spring23_S003_4_car_renter_debit (renter_id, name_on_card, card#, exp_dt, CVV) VALUES ('CR10040', 'Maynard Renwick', '3465724607454600', '29-Apr-2024', '723');
INSERT INTO Spring23_S003_4_car_renter_debit (renter_id, name_on_card, card#, exp_dt, CVV) VALUES ('CR10041', 'Nikolai Kleinmann', '6141576501659830', '31-Oct-2026', '705');
INSERT INTO Spring23_S003_4_car_renter_debit (renter_id, name_on_card, card#, exp_dt, CVV) VALUES ('CR10042', 'Eugenie Placidi', '6957505488733860', '28-Aug-2027', '230');
INSERT INTO Spring23_S003_4_car_renter_debit (renter_id, name_on_card, card#, exp_dt, CVV) VALUES ('CR10043', 'Erda Tink', '8542634931288700', '17-May-2026', '632');
INSERT INTO Spring23_S003_4_car_renter_debit (renter_id, name_on_card, card#, exp_dt, CVV) VALUES ('CR10044', 'Danell Leechman', '2936400661757110', '9-Dec-2027', '485');
INSERT INTO Spring23_S003_4_car_renter_debit (renter_id, name_on_card, card#, exp_dt, CVV) VALUES ('CR10045', 'Chaim Iiannoni', '8214907493965050', '13-Jan-2023', '221');
INSERT INTO Spring23_S003_4_car_renter_debit (renter_id, name_on_card, card#, exp_dt, CVV) VALUES ('CR10046', 'Ginnifer Plank', '8644511987592430', '31-Oct-2023', '223');
INSERT INTO Spring23_S003_4_car_renter_debit (renter_id, name_on_card, card#, exp_dt, CVV) VALUES ('CR10046', 'Ginnifer Plank', '6281941906680690', '8-May-2024', '415');
INSERT INTO Spring23_S003_4_car_renter_debit (renter_id, name_on_card, card#, exp_dt, CVV) VALUES ('CR10047', 'Hermione Turland', '2001087197343250', '1-Jun-2022', '497');
INSERT INTO Spring23_S003_4_car_renter_debit (renter_id, name_on_card, card#, exp_dt, CVV) VALUES ('CR10048', 'Cyrille Gomes', '5549217553790590', '21-Oct-2027', '382');
INSERT INTO Spring23_S003_4_car_renter_debit (renter_id, name_on_card, card#, exp_dt, CVV) VALUES ('CR10049', 'Rikki Annell', '3210762220848630', '24-Dec-2024', '585');
INSERT INTO Spring23_S003_4_car_renter_debit (renter_id, name_on_card, card#, exp_dt, CVV) VALUES ('CR10050', 'Gilberta Gilfoy', '8305019822075660', '13-Oct-2026', '760');
INSERT INTO Spring23_S003_4_car_renter_debit (renter_id, name_on_card, card#, exp_dt, CVV) VALUES ('CR10050', 'Gilberta Gilfoy', '3368371637183610', '13-Feb-2025', '308');
INSERT INTO Spring23_S003_4_car_renter_debit (renter_id, name_on_card, card#, exp_dt, CVV) VALUES ('CR10051', 'Skipper Esch', '1470164643732780', '7-Feb-2023', '977');
INSERT INTO Spring23_S003_4_car_renter_debit (renter_id, name_on_card, card#, exp_dt, CVV) VALUES ('CR10052', 'Jermaine Bettenay', '4329430181748470', '10-Jan-2028', '804');
INSERT INTO Spring23_S003_4_car_renter_debit (renter_id, name_on_card, card#, exp_dt, CVV) VALUES ('CR10053', 'Vernice Sowrey', '5373204727037720', '10-Sep-2023', '910');
INSERT INTO Spring23_S003_4_car_renter_debit (renter_id, name_on_card, card#, exp_dt, CVV) VALUES ('CR10054', 'Ira McGunley', '6049617870830760', '27-Jun-2022', '114');
INSERT INTO Spring23_S003_4_car_renter_debit (renter_id, name_on_card, card#, exp_dt, CVV) VALUES ('CR10055', 'Germaine Prodrick', '1394336169921870', '28-Jan-2024', '134');
INSERT INTO Spring23_S003_4_car_renter_debit (renter_id, name_on_card, card#, exp_dt, CVV) VALUES ('CR10055', 'Germaine Prodrick', '6394817950418130', '24-Jul-2023', '651');
INSERT INTO Spring23_S003_4_car_renter_debit (renter_id, name_on_card, card#, exp_dt, CVV) VALUES ('CR10056', 'Phyllys Duckers', '4193666704174530', '15-Nov-2026', '387');
INSERT INTO Spring23_S003_4_car_renter_debit (renter_id, name_on_card, card#, exp_dt, CVV) VALUES ('CR10057', 'Felecia Barnwill', '1359808878545570', '29-Nov-2022', '190');
INSERT INTO Spring23_S003_4_car_renter_debit (renter_id, name_on_card, card#, exp_dt, CVV) VALUES ('CR10058', 'Gussi Mowett', '2879355859464950', '12-Oct-2024', '170');



---7----
INSERT INTO Spring23_S003_4_rental_car_owner (cro_id, name_on_acc, acc#, route#, bank_name, p_id) VALUES ('CRO1001', 'Hall Canape', '2390840646', '133059914', 'Wells Fargo', 'P1001');
INSERT INTO Spring23_S003_4_rental_car_owner (cro_id, name_on_acc, acc#, route#, bank_name, p_id) VALUES ('CRO1002', 'Prue Buckthought', '2862194391', '435684634', 'Bank of America', 'P100283');
INSERT INTO Spring23_S003_4_rental_car_owner (cro_id, name_on_acc, acc#, route#, bank_name, p_id) VALUES ('CRO1003', 'Patrick Gomersal', '1309376038', '513541868', 'Wells Fargo', 'P100274');
INSERT INTO Spring23_S003_4_rental_car_owner (cro_id, name_on_acc, acc#, route#, bank_name, p_id) VALUES ('CRO1004', 'Oran Maffini', '7966009092', '669126539', 'Citi Bank', 'P100258');
INSERT INTO Spring23_S003_4_rental_car_owner (cro_id, name_on_acc, acc#, route#, bank_name, p_id) VALUES ('CRO1005', 'Zebedee Corns', '3894955557', '570861021', 'PNC Financial Services', 'P100244');
INSERT INTO Spring23_S003_4_rental_car_owner (cro_id, name_on_acc, acc#, route#, bank_name, p_id) VALUES ('CRO1006', 'Chad Quainton', '4107362675', '971674649', 'PNC Financial Services', 'P100252');
INSERT INTO Spring23_S003_4_rental_car_owner (cro_id, name_on_acc, acc#, route#, bank_name, p_id) VALUES ('CRO1007', 'Garik Semmence', '8799343549', '976128552', 'Citi Bank', 'P100277');
INSERT INTO Spring23_S003_4_rental_car_owner (cro_id, name_on_acc, acc#, route#, bank_name, p_id) VALUES ('CRO1008', 'Beatrisa Freda', '8420055597', '277848613', 'Bank of America', 'P100256');
INSERT INTO Spring23_S003_4_rental_car_owner (cro_id, name_on_acc, acc#, route#, bank_name, p_id) VALUES ('CRO1009', 'Shanta Copcote', '7706469506', '234204218', 'Bank of America', 'P100278');
INSERT INTO Spring23_S003_4_rental_car_owner (cro_id, name_on_acc, acc#, route#, bank_name, p_id) VALUES ('CRO10010', 'North Lorroway', '6600603467', '510900873', 'Bank of America', 'P100261');
INSERT INTO Spring23_S003_4_rental_car_owner (cro_id, name_on_acc, acc#, route#, bank_name, p_id) VALUES ('CRO10011', 'Conni Bonham', '5873669247', '386277190', 'PNC Financial Services', 'P10010');
INSERT INTO Spring23_S003_4_rental_car_owner (cro_id, name_on_acc, acc#, route#, bank_name, p_id) VALUES ('CRO10012', 'Nathalie Cridlon', '511720828', '852154151', 'Citi Bank', 'P10012');
INSERT INTO Spring23_S003_4_rental_car_owner (cro_id, name_on_acc, acc#, route#, bank_name, p_id) VALUES ('CRO10013', 'Buffy Beekmann', '5836724761', '816233362', 'Citi Bank', 'P100250');
INSERT INTO Spring23_S003_4_rental_car_owner (cro_id, name_on_acc, acc#, route#, bank_name, p_id) VALUES ('CRO10014', 'Frederick Rouchy', '6016394926', '717720497', 'JPMorgan Chase', 'P1002');
INSERT INTO Spring23_S003_4_rental_car_owner (cro_id, name_on_acc, acc#, route#, bank_name, p_id) VALUES ('CRO10015', 'Hort Sydall', '7589861569', '633432678', 'Wells Fargo', 'P100281');
INSERT INTO Spring23_S003_4_rental_car_owner (cro_id, name_on_acc, acc#, route#, bank_name, p_id) VALUES ('CRO10016', 'Terrance Semiras', '6086796289', '873342901', 'PNC Financial Services', 'P100291');
INSERT INTO Spring23_S003_4_rental_car_owner (cro_id, name_on_acc, acc#, route#, bank_name, p_id) VALUES ('CRO10017', 'Calhoun Ridwood', '8589416775', '195575699', 'Bank of America', 'P1005');
INSERT INTO Spring23_S003_4_rental_car_owner (cro_id, name_on_acc, acc#, route#, bank_name, p_id) VALUES ('CRO10018', 'Huntley McGinly', '7518746726', '651358210', 'PNC Financial Services', 'P100293');
INSERT INTO Spring23_S003_4_rental_car_owner (cro_id, name_on_acc, acc#, route#, bank_name, p_id) VALUES ('CRO10019', 'Lynett Tumilty', '2118826415', '392215087', 'Wells Fargo', 'P100299');
INSERT INTO Spring23_S003_4_rental_car_owner (cro_id, name_on_acc, acc#, route#, bank_name, p_id) VALUES ('CRO10020', 'Kassi Tremblett', '7358610756', '513822373', 'Bank of America', 'P10015');
INSERT INTO Spring23_S003_4_rental_car_owner (cro_id, name_on_acc, acc#, route#, bank_name, p_id) VALUES ('CRO10021', 'Earlie Pidwell', '3470434067', '832132868', 'JPMorgan Chase', 'P1009');
INSERT INTO Spring23_S003_4_rental_car_owner (cro_id, name_on_acc, acc#, route#, bank_name, p_id) VALUES ('CRO10022', 'Tildy Postlewhite', '4494476786', '638292900', 'Bank of America', 'P100276');
INSERT INTO Spring23_S003_4_rental_car_owner (cro_id, name_on_acc, acc#, route#, bank_name, p_id) VALUES ('CRO10023', 'Zack Exter', '6369374657', '748580869', 'PNC Financial Services', 'P100268');
INSERT INTO Spring23_S003_4_rental_car_owner (cro_id, name_on_acc, acc#, route#, bank_name, p_id) VALUES ('CRO10024', 'Gabriel Uppett', '2854354001', '586380256', 'Citi Bank', 'P100234');
INSERT INTO Spring23_S003_4_rental_car_owner (cro_id, name_on_acc, acc#, route#, bank_name, p_id) VALUES ('CRO10025', 'Maury Doggart', '5054102251', '445168943', 'JPMorgan Chase', 'P100245');
INSERT INTO Spring23_S003_4_rental_car_owner (cro_id, name_on_acc, acc#, route#, bank_name, p_id) VALUES ('CRO10026', 'Timothee Rabidge', '6352634493', '750990270', 'Goldman Sachs', 'P100271');
INSERT INTO Spring23_S003_4_rental_car_owner (cro_id, name_on_acc, acc#, route#, bank_name, p_id) VALUES ('CRO10027', 'Davis Sleeford', '1562960871', '878223746', 'Citi Bank', 'P100263');
INSERT INTO Spring23_S003_4_rental_car_owner (cro_id, name_on_acc, acc#, route#, bank_name, p_id) VALUES ('CRO10028', 'Poul Washington', '5218740424', '268761180', 'JPMorgan Chase', 'P100254');
INSERT INTO Spring23_S003_4_rental_car_owner (cro_id, name_on_acc, acc#, route#, bank_name, p_id) VALUES ('CRO10029', 'Batsheva Mapledorum', '5059481516', '572061427', 'Goldman Sachs', 'P100280');
INSERT INTO Spring23_S003_4_rental_car_owner (cro_id, name_on_acc, acc#, route#, bank_name, p_id) VALUES ('CRO10030', 'Cesya Clubb', '8737606176', '341926157', 'Wells Fargo', 'P100236');
INSERT INTO Spring23_S003_4_rental_car_owner (cro_id, name_on_acc, acc#, route#, bank_name, p_id) VALUES ('CRO10031', 'Devonna Draysay', '1290576893', '553790558', 'Wells Fargo', 'P100275');
INSERT INTO Spring23_S003_4_rental_car_owner (cro_id, name_on_acc, acc#, route#, bank_name, p_id) VALUES ('CRO10032', 'Daveta Nani', '8267292469', '610826959', 'Goldman Sachs', 'P100233');
INSERT INTO Spring23_S003_4_rental_car_owner (cro_id, name_on_acc, acc#, route#, bank_name, p_id) VALUES ('CRO10033', 'Letta Wall', '7477783724', '740842606', 'Bank of America', 'P100242');
INSERT INTO Spring23_S003_4_rental_car_owner (cro_id, name_on_acc, acc#, route#, bank_name, p_id) VALUES ('CRO10034', 'Lenna Courteney', '2170033029', '592649922', 'Wells Fargo', 'P100248');
INSERT INTO Spring23_S003_4_rental_car_owner (cro_id, name_on_acc, acc#, route#, bank_name, p_id) VALUES ('CRO10035', 'Rudiger Harman', '3598580380', '399573030', 'Bank of America', 'P100235');
INSERT INTO Spring23_S003_4_rental_car_owner (cro_id, name_on_acc, acc#, route#, bank_name, p_id) VALUES ('CRO10036', 'Justino Mackrill', '2604629357', '418397815', 'Goldman Sachs', 'P100241');
INSERT INTO Spring23_S003_4_rental_car_owner (cro_id, name_on_acc, acc#, route#, bank_name, p_id) VALUES ('CRO10037', 'Alfons Delleschi', '3243500667', '945864525', 'Bank of America', 'P100294');
INSERT INTO Spring23_S003_4_rental_car_owner (cro_id, name_on_acc, acc#, route#, bank_name, p_id) VALUES ('CRO10038', 'Rikki Cianni', '3166033447', '639221447', 'Goldman Sachs', 'P100257');
INSERT INTO Spring23_S003_4_rental_car_owner (cro_id, name_on_acc, acc#, route#, bank_name, p_id) VALUES ('CRO10039', 'Blanche Ivancevic', '6659822109', '390892373', 'Wells Fargo', 'P10011');
INSERT INTO Spring23_S003_4_rental_car_owner (cro_id, name_on_acc, acc#, route#, bank_name, p_id) VALUES ('CRO10040', 'Lethia Stokell', '2568223722', '643576279', 'JPMorgan Chase', 'P100266');
INSERT INTO Spring23_S003_4_rental_car_owner (cro_id, name_on_acc, acc#, route#, bank_name, p_id) VALUES ('CRO10041', 'Dorena Mouncher', '6334221887', '768601362', 'PNC Financial Services', 'P100282');
INSERT INTO Spring23_S003_4_rental_car_owner (cro_id, name_on_acc, acc#, route#, bank_name, p_id) VALUES ('CRO10042', 'Nathan Donan', '6460756827', '246264948', 'Citi Bank', 'P100287');
INSERT INTO Spring23_S003_4_rental_car_owner (cro_id, name_on_acc, acc#, route#, bank_name, p_id) VALUES ('CRO10043', 'Mimi Stubbley', '2973277867', '842916689', 'JPMorgan Chase', 'P100296');
INSERT INTO Spring23_S003_4_rental_car_owner (cro_id, name_on_acc, acc#, route#, bank_name, p_id) VALUES ('CRO10044', 'Teri Joslow', '8145989776', '204109557', 'PNC Financial Services', 'P100260');
INSERT INTO Spring23_S003_4_rental_car_owner (cro_id, name_on_acc, acc#, route#, bank_name, p_id) VALUES ('CRO10045', 'Doralia Reader', '5003403916', '258560444', 'Bank of America', 'P100292');
INSERT INTO Spring23_S003_4_rental_car_owner (cro_id, name_on_acc, acc#, route#, bank_name, p_id) VALUES ('CRO10046', 'Davide Cubbon', '1998946297', '858435484', 'Goldman Sachs', 'P100270');
INSERT INTO Spring23_S003_4_rental_car_owner (cro_id, name_on_acc, acc#, route#, bank_name, p_id) VALUES ('CRO10047', 'Cheryl Searight', '9882990512', '135565814', 'Wells Fargo', 'P100259');
INSERT INTO Spring23_S003_4_rental_car_owner (cro_id, name_on_acc, acc#, route#, bank_name, p_id) VALUES ('CRO10048', 'Jesse Duerden', '969452949', '795429505', 'PNC Financial Services', 'P1003');
INSERT INTO Spring23_S003_4_rental_car_owner (cro_id, name_on_acc, acc#, route#, bank_name, p_id) VALUES ('CRO10049', 'Carmina Baron', '130903994', '933398306', 'Bank of America', 'P100288');
INSERT INTO Spring23_S003_4_rental_car_owner (cro_id, name_on_acc, acc#, route#, bank_name, p_id) VALUES ('CRO10050', 'Catherin Lewry', '5284240904', '245686729', 'Goldman Sachs', 'P10014');
INSERT INTO Spring23_S003_4_rental_car_owner (cro_id, name_on_acc, acc#, route#, bank_name, p_id) VALUES ('CRO10051', 'Jewel Fyall', '7812122887', '649590163', 'PNC Financial Services', 'P100264');
INSERT INTO Spring23_S003_4_rental_car_owner (cro_id, name_on_acc, acc#, route#, bank_name, p_id) VALUES ('CRO10052', 'Onida Mabone', '7387514592', '832664994', 'PNC Financial Services', 'P10013');
INSERT INTO Spring23_S003_4_rental_car_owner (cro_id, name_on_acc, acc#, route#, bank_name, p_id) VALUES ('CRO10053', 'Meghann Garment', '8631938998', '283743540', 'Bank of America', 'P100285');
INSERT INTO Spring23_S003_4_rental_car_owner (cro_id, name_on_acc, acc#, route#, bank_name, p_id) VALUES ('CRO10054', 'Carlyn Haliburton', '6258207658', '315427996', 'Wells Fargo', 'P100237');
INSERT INTO Spring23_S003_4_rental_car_owner (cro_id, name_on_acc, acc#, route#, bank_name, p_id) VALUES ('CRO10055', 'Alan Conford', '7923412844', '414790888', 'Wells Fargo', 'P100289');
INSERT INTO Spring23_S003_4_rental_car_owner (cro_id, name_on_acc, acc#, route#, bank_name, p_id) VALUES ('CRO10056', 'Shayna Ledbury', '4460983324', '505903442', 'Bank of America', 'P100279');
INSERT INTO Spring23_S003_4_rental_car_owner (cro_id, name_on_acc, acc#, route#, bank_name, p_id) VALUES ('CRO10057', 'Helsa Kennea', '1377248306', '839024174', 'JPMorgan Chase', 'P100267');
INSERT INTO Spring23_S003_4_rental_car_owner (cro_id, name_on_acc, acc#, route#, bank_name, p_id) VALUES ('CRO10058', 'Fidelity Avey', '9727517661', '176576550', 'Wells Fargo', 'P100297');
INSERT INTO Spring23_S003_4_rental_car_owner (cro_id, name_on_acc, acc#, route#, bank_name, p_id) VALUES ('CRO10059', 'Whitaker Abramzon', '162375237', '859812270', 'PNC Financial Services', 'P100269');
INSERT INTO Spring23_S003_4_rental_car_owner (cro_id, name_on_acc, acc#, route#, bank_name, p_id) VALUES ('CRO10060', 'Ranna Matokhnin', '7255649380', '571278546', 'JPMorgan Chase', 'P100262');
INSERT INTO Spring23_S003_4_rental_car_owner (cro_id, name_on_acc, acc#, route#, bank_name, p_id) VALUES ('CRO10061', 'Eustacia Patesel', '5681239109', '124271521', 'Wells Fargo', 'P100246');
INSERT INTO Spring23_S003_4_rental_car_owner (cro_id, name_on_acc, acc#, route#, bank_name, p_id) VALUES ('CRO10062', 'Freddy Hayzer', '7448407668', '520186378', 'PNC Financial Services', 'P100243');
INSERT INTO Spring23_S003_4_rental_car_owner (cro_id, name_on_acc, acc#, route#, bank_name, p_id) VALUES ('CRO10063', 'Sheelah MacPhaden', '6801226918', '839833779', 'PNC Financial Services', 'P100238');
INSERT INTO Spring23_S003_4_rental_car_owner (cro_id, name_on_acc, acc#, route#, bank_name, p_id) VALUES ('CRO10064', 'Mirabella Barrie', '7887353273', '430943562', 'Bank of America', 'P100255');
INSERT INTO Spring23_S003_4_rental_car_owner (cro_id, name_on_acc, acc#, route#, bank_name, p_id) VALUES ('CRO10065', 'Harmonie Ciccone', '758540068', '328899632', 'Citi Bank', 'P100249');
INSERT INTO Spring23_S003_4_rental_car_owner (cro_id, name_on_acc, acc#, route#, bank_name, p_id) VALUES ('CRO10066', 'Estel Pach', '9338432689', '515281849', 'Bank of America', 'P100251');
INSERT INTO Spring23_S003_4_rental_car_owner (cro_id, name_on_acc, acc#, route#, bank_name, p_id) VALUES ('CRO10067', 'Haze Christy', '1827237438', '886077257', 'Goldman Sachs', 'P100273');
INSERT INTO Spring23_S003_4_rental_car_owner (cro_id, name_on_acc, acc#, route#, bank_name, p_id) VALUES ('CRO10068', 'Jourdain Maine', '7661763732', '664475336', 'Goldman Sachs', 'P10016');
INSERT INTO Spring23_S003_4_rental_car_owner (cro_id, name_on_acc, acc#, route#, bank_name, p_id) VALUES ('CRO10069', 'Ambros Entre', '1036190002', '785635153', 'Citi Bank', 'P1007');
INSERT INTO Spring23_S003_4_rental_car_owner (cro_id, name_on_acc, acc#, route#, bank_name, p_id) VALUES ('CRO10070', 'Gunther Landal', '5362796567', '502913929', 'Bank of America', 'P100240');
INSERT INTO Spring23_S003_4_rental_car_owner (cro_id, name_on_acc, acc#, route#, bank_name, p_id) VALUES ('CRO10071', 'Jeniffer Strettle', '9719801297', '764314058', 'Wells Fargo', 'P100284');
INSERT INTO Spring23_S003_4_rental_car_owner (cro_id, name_on_acc, acc#, route#, bank_name, p_id) VALUES ('CRO10072', 'Pepillo Grinnell', '1979306242', '583155896', 'Wells Fargo', 'P100272');
INSERT INTO Spring23_S003_4_rental_car_owner (cro_id, name_on_acc, acc#, route#, bank_name, p_id) VALUES ('CRO10073', 'Olenka Lory', '3156193671', '147336857', 'Goldman Sachs', 'P1006');
INSERT INTO Spring23_S003_4_rental_car_owner (cro_id, name_on_acc, acc#, route#, bank_name, p_id) VALUES ('CRO10074', 'Binnie Shoebridge', '490867591', '863605721', 'Citi Bank', 'P100265');
INSERT INTO Spring23_S003_4_rental_car_owner (cro_id, name_on_acc, acc#, route#, bank_name, p_id) VALUES ('CRO10075', 'Burty Czajkowska', '2944643072', '939579727', 'Wells Fargo', 'P100290');
INSERT INTO Spring23_S003_4_rental_car_owner (cro_id, name_on_acc, acc#, route#, bank_name, p_id) VALUES ('CRO10076', 'Krishnah Rolfi', '2452242493', '411375684', 'Citi Bank', 'P1004');
INSERT INTO Spring23_S003_4_rental_car_owner (cro_id, name_on_acc, acc#, route#, bank_name, p_id) VALUES ('CRO10077', 'Ingaborg Perkinson', '9642498267', '467635651', 'Citi Bank', 'P100247');
INSERT INTO Spring23_S003_4_rental_car_owner (cro_id, name_on_acc, acc#, route#, bank_name, p_id) VALUES ('CRO10078', 'Woody Featherstone', '7438849607', '132502276', 'Goldman Sachs', 'P100286');
INSERT INTO Spring23_S003_4_rental_car_owner (cro_id, name_on_acc, acc#, route#, bank_name, p_id) VALUES ('CRO10079', 'Brew Toogood', '8338072116', '958969387', 'Citi Bank', 'P100253');
INSERT INTO Spring23_S003_4_rental_car_owner (cro_id, name_on_acc, acc#, route#, bank_name, p_id) VALUES ('CRO10080', 'Tobias Waltho', '2344326612', '801277053', 'PNC Financial Services', 'P100298');
INSERT INTO Spring23_S003_4_rental_car_owner (cro_id, name_on_acc, acc#, route#, bank_name, p_id) VALUES ('CRO10081', 'Jillie Maun', '8263784401', '253350720', 'Wells Fargo', 'P10017');
INSERT INTO Spring23_S003_4_rental_car_owner (cro_id, name_on_acc, acc#, route#, bank_name, p_id) VALUES ('CRO10082', 'Kial Layborn', '7785844430', '487620722', 'Citi Bank', 'P100239');
INSERT INTO Spring23_S003_4_rental_car_owner (cro_id, name_on_acc, acc#, route#, bank_name, p_id) VALUES ('CRO10083', 'Ad Darell', '4294154219', '486163530', 'Wells Fargo', 'P100295');
INSERT INTO Spring23_S003_4_rental_car_owner (cro_id, name_on_acc, acc#, route#, bank_name, p_id) VALUES ('CRO10084', 'Ernaline Blenkhorn', '8306482437', '626389414', 'PNC Financial Services', 'P1008');
INSERT INTO Spring23_S003_4_rental_car_owner (cro_id, name_on_acc, acc#, route#, bank_name, p_id) VALUES ('CRO10085', 'Haleigh Boyall', '1812454709', '751831151', 'PNC Financial Services', 'P100300');



---8---
INSERT INTO Spring23_S003_4_car (licence_pl_number, car_type, car_make, no_of_seat, insurance_end_date, cro_id, cpo_id, available_from, available_to) VALUES ('TEXAS LAM-5756', 'Pickup Truck', 'Lexus', '5', '18-Jan-2026', 'CRO10080', '', '14-Apr-2023', '22-Apr-2023');
INSERT INTO Spring23_S003_4_car (licence_pl_number, car_type, car_make, no_of_seat, insurance_end_date, cro_id, cpo_id, available_from, available_to) VALUES ('TEXAS GBG-2021', 'SUV', 'GMC', '5', '', 'CRO10018', '', '', '');
INSERT INTO Spring23_S003_4_car (licence_pl_number, car_type, car_make, no_of_seat, insurance_end_date, cro_id, cpo_id, available_from, available_to) VALUES ('TEXAS EQZ-2054', 'SUV', 'Ford', '6', '12-Nov-2026', '', 'CPO1007', '27-Feb-2022', '30-Apr-2022');
INSERT INTO Spring23_S003_4_car (licence_pl_number, car_type, car_make, no_of_seat, insurance_end_date, cro_id, cpo_id, available_from, available_to) VALUES ('TEXAS AJM-3803', 'SUV', 'Mercury', '5', '6-May-2023', 'CRO10067', '', '29-Aug-2022', '29-Aug-2022');
INSERT INTO Spring23_S003_4_car (licence_pl_number, car_type, car_make, no_of_seat, insurance_end_date, cro_id, cpo_id, available_from, available_to) VALUES ('TEXAS DCJ-4485', 'Sedan', 'Mercedes-Benz', '4', '', '', 'CPO1005', '', '');
INSERT INTO Spring23_S003_4_car (licence_pl_number, car_type, car_make, no_of_seat, insurance_end_date, cro_id, cpo_id, available_from, available_to) VALUES ('TEXAS ORK-2305', 'Pickup Truck', 'Subaru', '5', '', 'CRO10065', '', '17-Dec-2022', '19-Dec-2022');
INSERT INTO Spring23_S003_4_car (licence_pl_number, car_type, car_make, no_of_seat, insurance_end_date, cro_id, cpo_id, available_from, available_to) VALUES ('TEXAS UBU-8656', 'Sedan', 'Dodge', '5', '', '', 'CPO10039', '', '');
INSERT INTO Spring23_S003_4_car (licence_pl_number, car_type, car_make, no_of_seat, insurance_end_date, cro_id, cpo_id, available_from, available_to) VALUES ('TEXAS LCR-5661', 'SUV', 'Honda', '5', '22-Feb-2026', 'CRO10041', '', '20-Jun-2022', '20-Jun-2022');
INSERT INTO Spring23_S003_4_car (licence_pl_number, car_type, car_make, no_of_seat, insurance_end_date, cro_id, cpo_id, available_from, available_to) VALUES ('TEXAS QBE-670', 'Pickup Truck', 'Cadillac', '4', '17-Oct-2026', 'CRO10019', '', '30-Dec-2022', '31-Dec-2022');
INSERT INTO Spring23_S003_4_car (licence_pl_number, car_type, car_make, no_of_seat, insurance_end_date, cro_id, cpo_id, available_from, available_to) VALUES ('TEXAS VRZ-1643', 'SUV', 'Maserati', '6', '', '', 'CPO10027', '', '');
INSERT INTO Spring23_S003_4_car (licence_pl_number, car_type, car_make, no_of_seat, insurance_end_date, cro_id, cpo_id, available_from, available_to) VALUES ('TEXAS QNM-4898', 'Sedan', 'Volkswagen', '4', '30-Jul-2024', 'CRO10038', '', '2-Aug-2022', '13-Aug-2022');
INSERT INTO Spring23_S003_4_car (licence_pl_number, car_type, car_make, no_of_seat, insurance_end_date, cro_id, cpo_id, available_from, available_to) VALUES ('TEXAS MQV-8041', 'SUV', 'Dodge', '4', '16-Aug-2025', '', 'CPO10049', '', '');
INSERT INTO Spring23_S003_4_car (licence_pl_number, car_type, car_make, no_of_seat, insurance_end_date, cro_id, cpo_id, available_from, available_to) VALUES ('TEXAS FFJ-7662', 'Pickup Truck', 'Infiniti', '4', '10-Feb-2025', 'CRO10012', '', '29-Dec-2022', '6-Jan-2023');
INSERT INTO Spring23_S003_4_car (licence_pl_number, car_type, car_make, no_of_seat, insurance_end_date, cro_id, cpo_id, available_from, available_to) VALUES ('TEXAS YCQ-402', 'Sedan', 'GMC', '4', '', 'CRO10014', '', '27-Sep-2022', '1-Oct-2022');
INSERT INTO Spring23_S003_4_car (licence_pl_number, car_type, car_make, no_of_seat, insurance_end_date, cro_id, cpo_id, available_from, available_to) VALUES ('TEXAS TDZ-5185', 'Sedan', 'Buick', '6', '', '', 'CPO10023', '', '');
INSERT INTO Spring23_S003_4_car (licence_pl_number, car_type, car_make, no_of_seat, insurance_end_date, cro_id, cpo_id, available_from, available_to) VALUES ('TEXAS PHM-174', 'Sedan', 'Ford', '5', '28-Apr-2026', 'CRO10060', '', '16-Apr-2023', '15-May-2023');
INSERT INTO Spring23_S003_4_car (licence_pl_number, car_type, car_make, no_of_seat, insurance_end_date, cro_id, cpo_id, available_from, available_to) VALUES ('TEXAS GCK-7581', 'Pickup Truck', 'GMC', '4', '', '', 'CPO10026', '', '');
INSERT INTO Spring23_S003_4_car (licence_pl_number, car_type, car_make, no_of_seat, insurance_end_date, cro_id, cpo_id, available_from, available_to) VALUES ('TEXAS SYP-9041', 'SUV', 'Chevrolet', '4', '', 'CRO10064', '', '22-Nov-2022', '2-Dec-2022');
INSERT INTO Spring23_S003_4_car (licence_pl_number, car_type, car_make, no_of_seat, insurance_end_date, cro_id, cpo_id, available_from, available_to) VALUES ('TEXAS JZX-3080', 'Pickup Truck', 'Toyota', '4', '', 'CRO10037', '', '17-Aug-2022', '23-Sep-2022');
INSERT INTO Spring23_S003_4_car (licence_pl_number, car_type, car_make, no_of_seat, insurance_end_date, cro_id, cpo_id, available_from, available_to) VALUES ('TEXAS BNY-6584', 'SUV', 'Audi', '5', '6-Oct-2025', '', 'CPO10029', '', '');
INSERT INTO Spring23_S003_4_car (licence_pl_number, car_type, car_make, no_of_seat, insurance_end_date, cro_id, cpo_id, available_from, available_to) VALUES ('TEXAS PWT-8219', 'Sedan', 'Pontiac', '6', '2-Oct-2024', 'CRO10028', '', '3-Aug-2022', '23-Aug-2022');
INSERT INTO Spring23_S003_4_car (licence_pl_number, car_type, car_make, no_of_seat, insurance_end_date, cro_id, cpo_id, available_from, available_to) VALUES ('TEXAS NIW-4151', 'Sedan', 'Lincoln', '5', '', 'CRO10052', '', '27-Jan-2023', '1-Feb-2023');
INSERT INTO Spring23_S003_4_car (licence_pl_number, car_type, car_make, no_of_seat, insurance_end_date, cro_id, cpo_id, available_from, available_to) VALUES ('TEXAS PXF-3152', 'SUV', 'Chevrolet', '6', '4-May-2023', '', 'CPO10042', '', '');
INSERT INTO Spring23_S003_4_car (licence_pl_number, car_type, car_make, no_of_seat, insurance_end_date, cro_id, cpo_id, available_from, available_to) VALUES ('TEXAS OBB-7708', 'Pickup Truck', 'Toyota', '4', '', 'CRO10020', '', '15-Sep-2022', '29-Nov-2022');
INSERT INTO Spring23_S003_4_car (licence_pl_number, car_type, car_make, no_of_seat, insurance_end_date, cro_id, cpo_id, available_from, available_to) VALUES ('TEXAS LPD-630', 'Sedan', 'Mazda', '5', '2-Feb-2026', 'CRO10021', '', '21-Apr-2022', '17-May-2022');
INSERT INTO Spring23_S003_4_car (licence_pl_number, car_type, car_make, no_of_seat, insurance_end_date, cro_id, cpo_id, available_from, available_to) VALUES ('TEXAS AJF-4816', 'SUV', 'Lincoln', '6', '11-Feb-2026', '', 'CPO10013', '', '');
INSERT INTO Spring23_S003_4_car (licence_pl_number, car_type, car_make, no_of_seat, insurance_end_date, cro_id, cpo_id, available_from, available_to) VALUES ('TEXAS PQZ-3908', 'SUV', 'Mercury', '5', '', '', 'CPO10025', '', '');
INSERT INTO Spring23_S003_4_car (licence_pl_number, car_type, car_make, no_of_seat, insurance_end_date, cro_id, cpo_id, available_from, available_to) VALUES ('TEXAS EYV-3944', 'Pickup Truck', 'Mercedes-Benz', '6', '3-Jun-2025', 'CRO10061', '', '23-Nov-2022', '17-Dec-2022');
INSERT INTO Spring23_S003_4_car (licence_pl_number, car_type, car_make, no_of_seat, insurance_end_date, cro_id, cpo_id, available_from, available_to) VALUES ('TEXAS MPL-1267', 'SUV', 'Toyota', '6', '13-Aug-2023', 'CRO10011', '', '9-Jul-2022', '21-Aug-2022');
INSERT INTO Spring23_S003_4_car (licence_pl_number, car_type, car_make, no_of_seat, insurance_end_date, cro_id, cpo_id, available_from, available_to) VALUES ('TEXAS DTF-8943', 'SUV', 'Toyota', '6', '', 'CRO10056', '', '3-Sep-2022', '3-Sep-2022');
INSERT INTO Spring23_S003_4_car (licence_pl_number, car_type, car_make, no_of_seat, insurance_end_date, cro_id, cpo_id, available_from, available_to) VALUES ('TEXAS SQY-4210', 'Sedan', 'Oldsmobile', '4', '30-Jul-2024', 'CRO10013', '', '10-May-2022', '10-May-2022');
INSERT INTO Spring23_S003_4_car (licence_pl_number, car_type, car_make, no_of_seat, insurance_end_date, cro_id, cpo_id, available_from, available_to) VALUES ('TEXAS KXU-7971', 'SUV', 'Chevrolet', '5', '19-Dec-2026', '', 'CPO10040', '', '');
INSERT INTO Spring23_S003_4_car (licence_pl_number, car_type, car_make, no_of_seat, insurance_end_date, cro_id, cpo_id, available_from, available_to) VALUES ('TEXAS HYL-1275', 'Pickup Truck', 'Cadillac', '4', '25-Aug-2025', 'CRO1002', '', '18-Aug-2022', '28-Aug-2022');
INSERT INTO Spring23_S003_4_car (licence_pl_number, car_type, car_make, no_of_seat, insurance_end_date, cro_id, cpo_id, available_from, available_to) VALUES ('TEXAS VCH-4873', 'Sedan', 'BMW', '5', '25-Jul-2026', 'CRO1007', '', '8-Oct-2022', '1-Nov-2022');
INSERT INTO Spring23_S003_4_car (licence_pl_number, car_type, car_make, no_of_seat, insurance_end_date, cro_id, cpo_id, available_from, available_to) VALUES ('TEXAS NEF-1232', 'Pickup Truck', 'Infiniti', '6', '3-Mar-2024', '', 'CPO10032', '', '');
INSERT INTO Spring23_S003_4_car (licence_pl_number, car_type, car_make, no_of_seat, insurance_end_date, cro_id, cpo_id, available_from, available_to) VALUES ('TEXAS QBQ-490', 'SUV', 'Mazda', '5', '14-Jun-2025', 'CRO10055', '', '19-Dec-2022', '23-Dec-2022');
INSERT INTO Spring23_S003_4_car (licence_pl_number, car_type, car_make, no_of_seat, insurance_end_date, cro_id, cpo_id, available_from, available_to) VALUES ('TEXAS HZM-2542', 'Pickup Truck', 'Mercedes-Benz', '6', '', '', 'CPO10037', '', '');
INSERT INTO Spring23_S003_4_car (licence_pl_number, car_type, car_make, no_of_seat, insurance_end_date, cro_id, cpo_id, available_from, available_to) VALUES ('TEXAS OQA-1393', 'Pickup Truck', 'Mercedes-Benz', '6', '2-Jul-2024', 'CRO10033', '', '22-Nov-2022', '24-Nov-2022');
INSERT INTO Spring23_S003_4_car (licence_pl_number, car_type, car_make, no_of_seat, insurance_end_date, cro_id, cpo_id, available_from, available_to) VALUES ('TEXAS WFB-4323', 'SUV', 'Pontiac', '5', '', 'CRO10054', '', '2-Apr-2022', '6-Jul-2022');
INSERT INTO Spring23_S003_4_car (licence_pl_number, car_type, car_make, no_of_seat, insurance_end_date, cro_id, cpo_id, available_from, available_to) VALUES ('TEXAS EJS-5378', 'SUV', 'GMC', '6', '11-Jan-2027', 'CRO10059', '', '25-Apr-2022', '14-Sep-2022');
INSERT INTO Spring23_S003_4_car (licence_pl_number, car_type, car_make, no_of_seat, insurance_end_date, cro_id, cpo_id, available_from, available_to) VALUES ('TEXAS MMZ-7821', 'Pickup Truck', 'Volkswagen', '5', '22-May-2024', '', 'CPO10016', '', '');
INSERT INTO Spring23_S003_4_car (licence_pl_number, car_type, car_make, no_of_seat, insurance_end_date, cro_id, cpo_id, available_from, available_to) VALUES ('TEXAS LWF-2551', 'Pickup Truck', 'Ford', '4', '3-Sep-2025', '', 'CPO10018', '', '');
INSERT INTO Spring23_S003_4_car (licence_pl_number, car_type, car_make, no_of_seat, insurance_end_date, cro_id, cpo_id, available_from, available_to) VALUES ('TEXAS NTU-1846', 'Pickup Truck', 'Maybach', '5', '', 'CRO1003', '', '24-Jul-2022', '19-Oct-2022');
INSERT INTO Spring23_S003_4_car (licence_pl_number, car_type, car_make, no_of_seat, insurance_end_date, cro_id, cpo_id, available_from, available_to) VALUES ('TEXAS PQD-5148', 'Pickup Truck', 'Audi', '6', '', 'CRO10058', '', '13-May-2022', '8-Jul-2022');
INSERT INTO Spring23_S003_4_car (licence_pl_number, car_type, car_make, no_of_seat, insurance_end_date, cro_id, cpo_id, available_from, available_to) VALUES ('TEXAS WVC-6846', 'SUV', 'Toyota', '6', '1-Jun-2024', 'CRO1001', '', '4-Dec-2022', '31-Dec-2022');
INSERT INTO Spring23_S003_4_car (licence_pl_number, car_type, car_make, no_of_seat, insurance_end_date, cro_id, cpo_id, available_from, available_to) VALUES ('TEXAS CNA-6395', 'Pickup Truck', 'Toyota', '5', '', '', 'CPO10045', '', '');
INSERT INTO Spring23_S003_4_car (licence_pl_number, car_type, car_make, no_of_seat, insurance_end_date, cro_id, cpo_id, available_from, available_to) VALUES ('TEXAS YFI-5303', 'SUV', 'Saab', '4', '', 'CRO10057', '', '28-Jun-2022', '6-Sep-2022');
INSERT INTO Spring23_S003_4_car (licence_pl_number, car_type, car_make, no_of_seat, insurance_end_date, cro_id, cpo_id, available_from, available_to) VALUES ('TEXAS SOA-7234', 'Pickup Truck', 'Chevrolet', '4', '20-Jul-2026', '', 'CPO10011', '', '');
INSERT INTO Spring23_S003_4_car (licence_pl_number, car_type, car_make, no_of_seat, insurance_end_date, cro_id, cpo_id, available_from, available_to) VALUES ('TEXAS PEW-892', 'SUV', 'Lexus', '4', '21-Jan-2027', 'CRO10032', '', '30-Jun-2022', '2-Jul-2022');
INSERT INTO Spring23_S003_4_car (licence_pl_number, car_type, car_make, no_of_seat, insurance_end_date, cro_id, cpo_id, available_from, available_to) VALUES ('TEXAS GWM-9092', 'Pickup Truck', 'Ford', '6', '3-Feb-2025', '', 'CPO1002', '', '');
INSERT INTO Spring23_S003_4_car (licence_pl_number, car_type, car_make, no_of_seat, insurance_end_date, cro_id, cpo_id, available_from, available_to) VALUES ('TEXAS WSG-7686', 'Pickup Truck', 'Chrysler', '6', '', 'CRO10082', '', '26-Jul-2022', '10-Oct-2022');
INSERT INTO Spring23_S003_4_car (licence_pl_number, car_type, car_make, no_of_seat, insurance_end_date, cro_id, cpo_id, available_from, available_to) VALUES ('TEXAS IAH-2306', 'Pickup Truck', 'Pontiac', '4', '', '', 'CPO1003', '', '');
INSERT INTO Spring23_S003_4_car (licence_pl_number, car_type, car_make, no_of_seat, insurance_end_date, cro_id, cpo_id, available_from, available_to) VALUES ('TEXAS KED-9320', 'Pickup Truck', 'Toyota', '4', '15-Jan-2025', 'CRO10053', '', '2-Apr-2023', '1-May-2022');
INSERT INTO Spring23_S003_4_car (licence_pl_number, car_type, car_make, no_of_seat, insurance_end_date, cro_id, cpo_id, available_from, available_to) VALUES ('TEXAS OCP-233', 'Sedan', 'Saturn', '6', '', '', 'CPO10024', '', '');
INSERT INTO Spring23_S003_4_car (licence_pl_number, car_type, car_make, no_of_seat, insurance_end_date, cro_id, cpo_id, available_from, available_to) VALUES ('TEXAS JFW-655', 'SUV', 'Mercedes-Benz', '6', '1-Mar-2026', 'CRO10024', '', '6-Dec-2022', '31-Dec-2022');
INSERT INTO Spring23_S003_4_car (licence_pl_number, car_type, car_make, no_of_seat, insurance_end_date, cro_id, cpo_id, available_from, available_to) VALUES ('TEXAS CLZ-8159', 'SUV', 'Dodge', '4', '21-Nov-2026', 'CRO10051', '', '16-Dec-2022', '7-Jan-2023');
INSERT INTO Spring23_S003_4_car (licence_pl_number, car_type, car_make, no_of_seat, insurance_end_date, cro_id, cpo_id, available_from, available_to) VALUES ('TEXAS APC-6984', 'Sedan', 'Nissan', '4', '', '', 'CPO10046', '', '');
INSERT INTO Spring23_S003_4_car (licence_pl_number, car_type, car_make, no_of_seat, insurance_end_date, cro_id, cpo_id, available_from, available_to) VALUES ('TEXAS GPW-6561', 'Sedan', 'Nissan', '4', '30-Jul-2024', 'CRO1005', '', '16-Dec-2022', '6-Jan-2023');
INSERT INTO Spring23_S003_4_car (licence_pl_number, car_type, car_make, no_of_seat, insurance_end_date, cro_id, cpo_id, available_from, available_to) VALUES ('TEXAS GVL-2774', 'Sedan', 'Toyota', '6', '23-Nov-2024', 'CRO10017', '', '12-Sep-2022', '2-Oct-2022');
INSERT INTO Spring23_S003_4_car (licence_pl_number, car_type, car_make, no_of_seat, insurance_end_date, cro_id, cpo_id, available_from, available_to) VALUES ('TEXAS ZBX-825', 'Pickup Truck', 'Subaru', '6', '29-Oct-2026', 'CRO10030', '', '10-Oct-2022', '12-Nov-2022');
INSERT INTO Spring23_S003_4_car (licence_pl_number, car_type, car_make, no_of_seat, insurance_end_date, cro_id, cpo_id, available_from, available_to) VALUES ('TEXAS JIQ-5079', 'Sedan', 'Volvo', '6', '17-Jan-2024', '', 'CPO1009', '', '');
INSERT INTO Spring23_S003_4_car (licence_pl_number, car_type, car_make, no_of_seat, insurance_end_date, cro_id, cpo_id, available_from, available_to) VALUES ('TEXAS YZI-9254', 'Sedan', 'Lotus', '6', '21-Oct-2023', '', 'CPO10021', '', '');
INSERT INTO Spring23_S003_4_car (licence_pl_number, car_type, car_make, no_of_seat, insurance_end_date, cro_id, cpo_id, available_from, available_to) VALUES ('TEXAS BWE-2558', 'SUV', 'Lamborghini', '4', '', '', 'CPO10043', '', '');
INSERT INTO Spring23_S003_4_car (licence_pl_number, car_type, car_make, no_of_seat, insurance_end_date, cro_id, cpo_id, available_from, available_to) VALUES ('TEXAS TBZ-7636', 'Sedan', 'Chrysler', '6', '4-Apr-2024', 'CRO10044', '', '6-Jan-2023', '24-Mar-2023');
INSERT INTO Spring23_S003_4_car (licence_pl_number, car_type, car_make, no_of_seat, insurance_end_date, cro_id, cpo_id, available_from, available_to) VALUES ('TEXAS NUA-2805', 'SUV', 'Acura', '5', '', 'CRO10081', '', '24-Aug-2022', '10-Nov-2022');
INSERT INTO Spring23_S003_4_car (licence_pl_number, car_type, car_make, no_of_seat, insurance_end_date, cro_id, cpo_id, available_from, available_to) VALUES ('TEXAS BJM-8728', 'SUV', 'Lotus', '5', '13-Nov-2024', '', 'CPO10047', '', '');
INSERT INTO Spring23_S003_4_car (licence_pl_number, car_type, car_make, no_of_seat, insurance_end_date, cro_id, cpo_id, available_from, available_to) VALUES ('TEXAS QVP-1630', 'SUV', 'Ford', '4', '28-Jul-2025', 'CRO1009', '', '3-Jun-2022', '3-Jun-2022');
INSERT INTO Spring23_S003_4_car (licence_pl_number, car_type, car_make, no_of_seat, insurance_end_date, cro_id, cpo_id, available_from, available_to) VALUES ('TEXAS VUM-2180', 'Pickup Truck', 'Chevrolet', '5', '8-Mar-2027', 'CRO10077', '', '26-Jun-2022', '8-Aug-2022');
INSERT INTO Spring23_S003_4_car (licence_pl_number, car_type, car_make, no_of_seat, insurance_end_date, cro_id, cpo_id, available_from, available_to) VALUES ('TEXAS GQL-6061', 'SUV', 'Nissan', '4', '31-Aug-2025', '', 'CPO10030', '', '');
INSERT INTO Spring23_S003_4_car (licence_pl_number, car_type, car_make, no_of_seat, insurance_end_date, cro_id, cpo_id, available_from, available_to) VALUES ('TEXAS ZEY-2750', 'SUV', 'Mercury', '4', '', '', 'CPO1004', '', '');
INSERT INTO Spring23_S003_4_car (licence_pl_number, car_type, car_make, no_of_seat, insurance_end_date, cro_id, cpo_id, available_from, available_to) VALUES ('TEXAS YHC-5671', 'Pickup Truck', 'BMW', '5', '18-May-2024', 'CRO10043', '', '4-Aug-2022', '30-Sep-2022');
INSERT INTO Spring23_S003_4_car (licence_pl_number, car_type, car_make, no_of_seat, insurance_end_date, cro_id, cpo_id, available_from, available_to) VALUES ('TEXAS SBX-4089', 'Sedan', 'Porsche', '5', '28-Nov-2024', '', 'CPO10019', '', '');
INSERT INTO Spring23_S003_4_car (licence_pl_number, car_type, car_make, no_of_seat, insurance_end_date, cro_id, cpo_id, available_from, available_to) VALUES ('TEXAS HLT-5925', 'SUV', 'Chevrolet', '5', '3-Sep-2026', 'CRO10071', '', '16-Jun-2022', '13-Aug-2022');
INSERT INTO Spring23_S003_4_car (licence_pl_number, car_type, car_make, no_of_seat, insurance_end_date, cro_id, cpo_id, available_from, available_to) VALUES ('TEXAS JUF-5102', 'Pickup Truck', 'Chrysler', '6', '24-Apr-2024', '', 'CPO10038', '', '');
INSERT INTO Spring23_S003_4_car (licence_pl_number, car_type, car_make, no_of_seat, insurance_end_date, cro_id, cpo_id, available_from, available_to) VALUES ('TEXAS MAV-6158', 'Sedan', 'Audi', '6', '2-Mar-2026', 'CRO10025', '', '22-Dec-2022', '10-Jan-2023');
INSERT INTO Spring23_S003_4_car (licence_pl_number, car_type, car_make, no_of_seat, insurance_end_date, cro_id, cpo_id, available_from, available_to) VALUES ('TEXAS VGO-1045', 'SUV', 'Lexus', '6', '', '', 'CPO10050', '', '');
INSERT INTO Spring23_S003_4_car (licence_pl_number, car_type, car_make, no_of_seat, insurance_end_date, cro_id, cpo_id, available_from, available_to) VALUES ('TEXAS KNF-8494', 'Pickup Truck', 'Toyota', '6', '2-Feb-2027', 'CRO10073', '', '3-May-2022', '30-May-2022');
INSERT INTO Spring23_S003_4_car (licence_pl_number, car_type, car_make, no_of_seat, insurance_end_date, cro_id, cpo_id, available_from, available_to) VALUES ('TEXAS QAB-5319', 'Pickup Truck', 'Chevrolet', '6', '', '', 'CPO10044', '', '');
INSERT INTO Spring23_S003_4_car (licence_pl_number, car_type, car_make, no_of_seat, insurance_end_date, cro_id, cpo_id, available_from, available_to) VALUES ('TEXAS ANK-2091', 'Sedan', 'Infiniti', '4', '17-Sep-2024', '', 'CPO10052', '', '');
INSERT INTO Spring23_S003_4_car (licence_pl_number, car_type, car_make, no_of_seat, insurance_end_date, cro_id, cpo_id, available_from, available_to) VALUES ('TEXAS NKE-4489', 'Sedan', 'Chevrolet', '4', '', 'CRO10049', '', '24-Dec-2022', '19-Mar-2023');
INSERT INTO Spring23_S003_4_car (licence_pl_number, car_type, car_make, no_of_seat, insurance_end_date, cro_id, cpo_id, available_from, available_to) VALUES ('TEXAS WRM-2617', 'SUV', 'BMW', '4', '13-Aug-2024', 'CRO10029', '', '11-Jun-2022', '10-Aug-2022');
INSERT INTO Spring23_S003_4_car (licence_pl_number, car_type, car_make, no_of_seat, insurance_end_date, cro_id, cpo_id, available_from, available_to) VALUES ('TEXAS AOL-9500', 'Sedan', 'Dodge', '4', '14-Apr-2027', 'CRO1004', '', '15-Dec-2022', '19-Feb-2023');
INSERT INTO Spring23_S003_4_car (licence_pl_number, car_type, car_make, no_of_seat, insurance_end_date, cro_id, cpo_id, available_from, available_to) VALUES ('TEXAS CAD-5933', 'Sedan', 'Infiniti', '4', '22-Jul-2026', 'CRO10062', '', '11-Sep-2022', '22-Nov-2022');
INSERT INTO Spring23_S003_4_car (licence_pl_number, car_type, car_make, no_of_seat, insurance_end_date, cro_id, cpo_id, available_from, available_to) VALUES ('TEXAS XZU-6004', 'Pickup Truck', 'Dodge', '5', '', '', 'CPO10010', '', '');
INSERT INTO Spring23_S003_4_car (licence_pl_number, car_type, car_make, no_of_seat, insurance_end_date, cro_id, cpo_id, available_from, available_to) VALUES ('TEXAS SMC-6473', 'Pickup Truck', 'Ford', '5', '10-Jun-2026', '', 'CPO10033', '', '');
INSERT INTO Spring23_S003_4_car (licence_pl_number, car_type, car_make, no_of_seat, insurance_end_date, cro_id, cpo_id, available_from, available_to) VALUES ('TEXAS YES-4988', 'Pickup Truck', 'Land Rover', '5', '15-Feb-2027', 'CRO10047', '', '14-Nov-2022', '3-Dec-2022');
INSERT INTO Spring23_S003_4_car (licence_pl_number, car_type, car_make, no_of_seat, insurance_end_date, cro_id, cpo_id, available_from, available_to) VALUES ('TEXAS DLL-1777', 'Pickup Truck', 'Volvo', '6', '22-Jun-2025', 'CRO10069', '', '17-Sep-2022', '30-Sep-2022');
INSERT INTO Spring23_S003_4_car (licence_pl_number, car_type, car_make, no_of_seat, insurance_end_date, cro_id, cpo_id, available_from, available_to) VALUES ('TEXAS DHR-7513', 'Sedan', 'Chrysler', '4', '', '', 'CPO10041', '', '');
INSERT INTO Spring23_S003_4_car (licence_pl_number, car_type, car_make, no_of_seat, insurance_end_date, cro_id, cpo_id, available_from, available_to) VALUES ('TEXAS AKB-799', 'Sedan', 'MINI', '5', '6-Oct-2026', 'CRO10050', '', '1-Aug-2022', '17-Aug-2022');
INSERT INTO Spring23_S003_4_car (licence_pl_number, car_type, car_make, no_of_seat, insurance_end_date, cro_id, cpo_id, available_from, available_to) VALUES ('TEXAS ADW-4359', 'Pickup Truck', 'Ford', '6', '5-Apr-2025', 'CRO10085', '', '16-Jan-2022', '16-Feb-2022');
INSERT INTO Spring23_S003_4_car (licence_pl_number, car_type, car_make, no_of_seat, insurance_end_date, cro_id, cpo_id, available_from, available_to) VALUES ('TEXAS XJE-8334', 'SUV', 'Toyota', '6', '', '', 'CPO10014', '', '');
INSERT INTO Spring23_S003_4_car (licence_pl_number, car_type, car_make, no_of_seat, insurance_end_date, cro_id, cpo_id, available_from, available_to) VALUES ('TEXAS CUL-8897', 'Sedan', 'Ford', '5', '21-Dec-2023', 'CRO10039', '', '23-Jul-2022', '26-Aug-2022');
INSERT INTO Spring23_S003_4_car (licence_pl_number, car_type, car_make, no_of_seat, insurance_end_date, cro_id, cpo_id, available_from, available_to) VALUES ('TEXAS LXA-5308', 'Sedan', 'Mazda', '6', '17-Jul-2025', '', 'CPO10012', '', '');
INSERT INTO Spring23_S003_4_car (licence_pl_number, car_type, car_make, no_of_seat, insurance_end_date, cro_id, cpo_id, available_from, available_to) VALUES ('TEXAS UJA-8399', 'SUV', 'Mitsubishi', '6', '17-Mar-2026', 'CRO10022', '', '20-Sep-2022', '30-Oct-2022');
INSERT INTO Spring23_S003_4_car (licence_pl_number, car_type, car_make, no_of_seat, insurance_end_date, cro_id, cpo_id, available_from, available_to) VALUES ('TEXAS LVT-2302', 'Pickup Truck', 'GMC', '6', '6-Aug-2025', 'CRO10040', '', '7-Jun-2022', '15-Jul-2022');
INSERT INTO Spring23_S003_4_car (licence_pl_number, car_type, car_make, no_of_seat, insurance_end_date, cro_id, cpo_id, available_from, available_to) VALUES ('TEXAS XIM-3674', 'SUV', 'Isuzu', '5', '30-Apr-2026', 'CRO10042', '', '8-Aug-2022', '29-Aug-2022');
INSERT INTO Spring23_S003_4_car (licence_pl_number, car_type, car_make, no_of_seat, insurance_end_date, cro_id, cpo_id, available_from, available_to) VALUES ('TEXAS TEA-1177', 'Pickup Truck', 'Mercury', '5', '', 'CRO10074', '', '16-Mar-2023', '20-Mar-2023');
INSERT INTO Spring23_S003_4_car (licence_pl_number, car_type, car_make, no_of_seat, insurance_end_date, cro_id, cpo_id, available_from, available_to) VALUES ('TEXAS YKB-7867', 'Pickup Truck', 'Honda', '4', '29-Aug-2025', '', 'CPO1001', '', '');
INSERT INTO Spring23_S003_4_car (licence_pl_number, car_type, car_make, no_of_seat, insurance_end_date, cro_id, cpo_id, available_from, available_to) VALUES ('TEXAS VHI-4475', 'Sedan', 'Lincoln', '4', '', 'CRO10084', '', '3-May-2022', '11-May-2022');
INSERT INTO Spring23_S003_4_car (licence_pl_number, car_type, car_make, no_of_seat, insurance_end_date, cro_id, cpo_id, available_from, available_to) VALUES ('TEXAS YQA-182', 'Pickup Truck', 'Mitsubishi', '5', '', 'CRO10072', '', '25-Jun-2022', '23-Aug-2022');
INSERT INTO Spring23_S003_4_car (licence_pl_number, car_type, car_make, no_of_seat, insurance_end_date, cro_id, cpo_id, available_from, available_to) VALUES ('TEXAS ETC-3483', 'Sedan', 'Oldsmobile', '5', '22-Apr-2023', '', 'CPO10048', '', '');
INSERT INTO Spring23_S003_4_car (licence_pl_number, car_type, car_make, no_of_seat, insurance_end_date, cro_id, cpo_id, available_from, available_to) VALUES ('TEXAS ZRM-5982', 'Sedan', 'Maserati', '4', '', 'CRO10048', '', '4-Nov-2022', '12-Dec-2022');
INSERT INTO Spring23_S003_4_car (licence_pl_number, car_type, car_make, no_of_seat, insurance_end_date, cro_id, cpo_id, available_from, available_to) VALUES ('TEXAS QPU-153', 'Sedan', 'Chevrolet', '4', '8-Jan-2024', 'CRO1008', '', '25-Jun-2022', '25-Jun-2022');
INSERT INTO Spring23_S003_4_car (licence_pl_number, car_type, car_make, no_of_seat, insurance_end_date, cro_id, cpo_id, available_from, available_to) VALUES ('TEXAS HAE-4152', 'SUV', 'Dodge', '5', '', 'CRO1006', '', '25-Apr-2022', '3-May-2022');
INSERT INTO Spring23_S003_4_car (licence_pl_number, car_type, car_make, no_of_seat, insurance_end_date, cro_id, cpo_id, available_from, available_to) VALUES ('TEXAS GBF-8878', 'SUV', 'Toyota', '5', '', 'CRO10076', '', '18-May-2022', '18-May-2022');
INSERT INTO Spring23_S003_4_car (licence_pl_number, car_type, car_make, no_of_seat, insurance_end_date, cro_id, cpo_id, available_from, available_to) VALUES ('TEXAS LAA-3943', 'SUV', 'Audi', '4', '', 'CRO10045', '', '12-May-2022', '23-Dec-2022');
INSERT INTO Spring23_S003_4_car (licence_pl_number, car_type, car_make, no_of_seat, insurance_end_date, cro_id, cpo_id, available_from, available_to) VALUES ('TEXAS BSD-2904', 'Pickup Truck', 'Honda', '6', '', 'CRO10046', '', '24-Dec-2022', '12-Jan-2023');
INSERT INTO Spring23_S003_4_car (licence_pl_number, car_type, car_make, no_of_seat, insurance_end_date, cro_id, cpo_id, available_from, available_to) VALUES ('TEXAS LYS-4202', 'SUV', 'GMC', '6', '20-Mar-2027', '', 'CPO10051', '', '');
INSERT INTO Spring23_S003_4_car (licence_pl_number, car_type, car_make, no_of_seat, insurance_end_date, cro_id, cpo_id, available_from, available_to) VALUES ('TEXAS OQU-6227', 'SUV', 'Nissan', '6', '', '', 'CPO10034', '', '');
INSERT INTO Spring23_S003_4_car (licence_pl_number, car_type, car_make, no_of_seat, insurance_end_date, cro_id, cpo_id, available_from, available_to) VALUES ('TEXAS VDM-2333', 'Sedan', 'Nissan', '5', '29-Nov-2026', '', 'CPO10020', '', '');
INSERT INTO Spring23_S003_4_car (licence_pl_number, car_type, car_make, no_of_seat, insurance_end_date, cro_id, cpo_id, available_from, available_to) VALUES ('TEXAS VOU-1550', 'Pickup Truck', 'Dodge', '5', '7-Sep-2023', 'CRO10070', '', '14-Jul-2022', '25-Aug-2022');
INSERT INTO Spring23_S003_4_car (licence_pl_number, car_type, car_make, no_of_seat, insurance_end_date, cro_id, cpo_id, available_from, available_to) VALUES ('TEXAS TSE-8869', 'Sedan', 'Nissan', '4', '22-May-2023', 'CRO10026', '', '4-May-2022', '2-Jul-2022');
INSERT INTO Spring23_S003_4_car (licence_pl_number, car_type, car_make, no_of_seat, insurance_end_date, cro_id, cpo_id, available_from, available_to) VALUES ('TEXAS SYL-7748', 'SUV', 'Kia', '6', '22-Nov-2023', '', 'CPO10035', '', '');
INSERT INTO Spring23_S003_4_car (licence_pl_number, car_type, car_make, no_of_seat, insurance_end_date, cro_id, cpo_id, available_from, available_to) VALUES ('TEXAS FHW-9652', 'SUV', 'Chevrolet', '6', '2-Apr-2026', 'CRO10023', '', '1-Apr-2023', '13-Apr-2023');
INSERT INTO Spring23_S003_4_car (licence_pl_number, car_type, car_make, no_of_seat, insurance_end_date, cro_id, cpo_id, available_from, available_to) VALUES ('TEXAS AEF-2214', 'SUV', 'Ford', '4', '6-Dec-2025', 'CRO10079', '', '12-Feb-2023', '16-Feb-2023');
INSERT INTO Spring23_S003_4_car (licence_pl_number, car_type, car_make, no_of_seat, insurance_end_date, cro_id, cpo_id, available_from, available_to) VALUES ('TEXAS VXS-7234', 'SUV', 'Buick', '5', '25-Aug-2024', 'CRO10075', '', '14-Nov-2022', '26-Nov-2022');
INSERT INTO Spring23_S003_4_car (licence_pl_number, car_type, car_make, no_of_seat, insurance_end_date, cro_id, cpo_id, available_from, available_to) VALUES ('TEXAS CZL-5188', 'Sedan', 'Pontiac', '6', '', '', 'CPO10036', '', '');
INSERT INTO Spring23_S003_4_car (licence_pl_number, car_type, car_make, no_of_seat, insurance_end_date, cro_id, cpo_id, available_from, available_to) VALUES ('TEXAS XBN-9333', 'Pickup Truck', 'Foose', '5', '10-Apr-2023', 'CRO10083', '', '8-Mar-2023', '22-Mar-2023');
INSERT INTO Spring23_S003_4_car (licence_pl_number, car_type, car_make, no_of_seat, insurance_end_date, cro_id, cpo_id, available_from, available_to) VALUES ('TEXAS SWO-1984', 'Pickup Truck', 'GMC', '6', '', 'CRO10068', '', '15-May-2022', '24-May-2022');
INSERT INTO Spring23_S003_4_car (licence_pl_number, car_type, car_make, no_of_seat, insurance_end_date, cro_id, cpo_id, available_from, available_to) VALUES ('TEXAS ZNL-6283', 'Sedan', 'Toyota', '5', '12-Oct-2024', '', 'CPO1006', '', '');
INSERT INTO Spring23_S003_4_car (licence_pl_number, car_type, car_make, no_of_seat, insurance_end_date, cro_id, cpo_id, available_from, available_to) VALUES ('TEXAS OVL-7893', 'Sedan', 'BMW', '6', '26-Jan-2027', 'CRO10035', '', '19-Aug-2022', '8-Sep-2022');
INSERT INTO Spring23_S003_4_car (licence_pl_number, car_type, car_make, no_of_seat, insurance_end_date, cro_id, cpo_id, available_from, available_to) VALUES ('TEXAS IVV-1877', 'Pickup Truck', 'Nissan', '5', '8-Nov-2025', 'CRO10034', '', '3-Aug-2022', '5-Sep-2022');
INSERT INTO Spring23_S003_4_car (licence_pl_number, car_type, car_make, no_of_seat, insurance_end_date, cro_id, cpo_id, available_from, available_to) VALUES ('TEXAS LSQ-4068', 'Pickup Truck', 'Chevrolet', '5', '', 'CRO10078', '', '18-Jul-2022', '31-Jul-2022');
INSERT INTO Spring23_S003_4_car (licence_pl_number, car_type, car_make, no_of_seat, insurance_end_date, cro_id, cpo_id, available_from, available_to) VALUES ('TEXAS ZEF-1072', 'Pickup Truck', 'Chevrolet', '6', '', '', 'CPO10028', '', '');
INSERT INTO Spring23_S003_4_car (licence_pl_number, car_type, car_make, no_of_seat, insurance_end_date, cro_id, cpo_id, available_from, available_to) VALUES ('TEXAS RAT-4022', 'Sedan', 'Mazda', '5', '27-Sep-2024', 'CRO10031', '', '12-Nov-2022', '20-Nov-2022');
INSERT INTO Spring23_S003_4_car (licence_pl_number, car_type, car_make, no_of_seat, insurance_end_date, cro_id, cpo_id, available_from, available_to) VALUES ('TEXAS JSD-2878', 'Sedan', 'Ford', '5', '2-May-2023', 'CRO10066', '', '11-Jul-2022', '21-Aug-2022');
INSERT INTO Spring23_S003_4_car (licence_pl_number, car_type, car_make, no_of_seat, insurance_end_date, cro_id, cpo_id, available_from, available_to) VALUES ('TEXAS BFP-4572', 'Sedan', 'Lotus', '5', '19-Feb-2026', '', 'CPO10031', '', '');
INSERT INTO Spring23_S003_4_car (licence_pl_number, car_type, car_make, no_of_seat, insurance_end_date, cro_id, cpo_id, available_from, available_to) VALUES ('TEXAS CCM-7226', 'Sedan', 'Mercedes-Benz', '4', '5-Mar-2025', '', 'CPO10015', '', '');
INSERT INTO Spring23_S003_4_car (licence_pl_number, car_type, car_make, no_of_seat, insurance_end_date, cro_id, cpo_id, available_from, available_to) VALUES ('TEXAS WVE-9084', 'Sedan', 'Audi', '4', '26-Mar-2024', 'CRO10010', '', '10-Sep-2022', '20-Sep-2022');
INSERT INTO Spring23_S003_4_car (licence_pl_number, car_type, car_make, no_of_seat, insurance_end_date, cro_id, cpo_id, available_from, available_to) VALUES ('TEXAS ZCY-6060', 'SUV', 'Ford', '5', '14-Sep-2025', '', 'CPO1008', '', '');
INSERT INTO Spring23_S003_4_car (licence_pl_number, car_type, car_make, no_of_seat, insurance_end_date, cro_id, cpo_id, available_from, available_to) VALUES ('TEXAS JUQ-275', 'Pickup Truck', 'Plymouth', '5', '', 'CRO10027', '', '10-Sep-2022', '10-Sep-2022');
INSERT INTO Spring23_S003_4_car (licence_pl_number, car_type, car_make, no_of_seat, insurance_end_date, cro_id, cpo_id, available_from, available_to) VALUES ('TEXAS CUB-5936', 'Sedan', 'Toyota', '4', '4-Jan-2025', 'CRO10036', '', '7-May-2022', '16-Jul-2022');
INSERT INTO Spring23_S003_4_car (licence_pl_number, car_type, car_make, no_of_seat, insurance_end_date, cro_id, cpo_id, available_from, available_to) VALUES ('TEXAS TJU-241', 'Sedan', 'Honda', '5', '', '', 'CPO10017', '', '');
INSERT INTO Spring23_S003_4_car (licence_pl_number, car_type, car_make, no_of_seat, insurance_end_date, cro_id, cpo_id, available_from, available_to) VALUES ('TEXAS ACH-413', 'Sedan', 'Mercury', '6', '', 'CRO10015', '', '16-Jul-2022', '18-Aug-2022');
INSERT INTO Spring23_S003_4_car (licence_pl_number, car_type, car_make, no_of_seat, insurance_end_date, cro_id, cpo_id, available_from, available_to) VALUES ('TEXAS ZYB-1840', 'SUV', 'GMC', '4', '11-Dec-2026', 'CRO10016', '', '12-Jan-2023', '12-Jan-2023');
INSERT INTO Spring23_S003_4_car (licence_pl_number, car_type, car_make, no_of_seat, insurance_end_date, cro_id, cpo_id, available_from, available_to) VALUES ('TEXAS PMZ-7342', 'SUV', 'Mercedes-Benz', '5', '22-May-2023', '', 'CPO10022', '', '');
INSERT INTO Spring23_S003_4_car (licence_pl_number, car_type, car_make, no_of_seat, insurance_end_date, cro_id, cpo_id, available_from, available_to) VALUES ('TEXAS IPE-8506', 'Sedan', 'Porsche', '5', '', 'CRO10063', '', '1-Oct-2022', '18-Nov-2022');



---9---
INSERT INTO Spring23_S003_4_carpool_ride (cr_id, source, destination, date_of_ride, start_time, end_time, cpo_id, licence_pl_number) VALUES ('CPRIDE1231', '"01511 Saint Paul Parkway, San Angelo, 76905"', '"88 Kenwood Crossing, San Angelo, 76905"', '6-Jun-2022', '5:37:00', '6:25:00', 'CPO1002', 'TEXAS GWM-9092');
INSERT INTO Spring23_S003_4_carpool_ride (cr_id, source, destination, date_of_ride, start_time, end_time, cpo_id, licence_pl_number) VALUES ('CPRIDE1232', '"5 Duke Trail, Dallas, 75216"', '"77822 Division Park,El Paso,88530"', '21-Feb-2023', '10:19:00', '11:54:00', 'CPO10015', 'TEXAS CCM-7226');
INSERT INTO Spring23_S003_4_carpool_ride (cr_id, source, destination, date_of_ride, start_time, end_time, cpo_id, licence_pl_number) VALUES ('CPRIDE1233', '"6959 Lerdahl Circle, Humble, 77346"', '"6 Mesta Junction,Irving,75062"', '27-Jul-2022', '20:09:00', '22:22:00', 'CPO1005', 'TEXAS DCJ-4485');
INSERT INTO Spring23_S003_4_carpool_ride (cr_id, source, destination, date_of_ride, start_time, end_time, cpo_id, licence_pl_number) VALUES ('CPRIDE1234', '"946 Springview Court, Austin, 78715"', '"499 Center Alley, San Antonio, 78285"', '9-Jul-2022', '2:11:00', '3:13:00', 'CPO1002', 'TEXAS GWM-9092');
INSERT INTO Spring23_S003_4_carpool_ride (cr_id, source, destination, date_of_ride, start_time, end_time, cpo_id, licence_pl_number) VALUES ('CPRIDE1235', '"001 Donald Avenue, Conroe, 77305"', '"79 Old Shore Center, Austin, 78732"', '8-Feb-2023', '13:24:00', '14:23:00', 'CPO10049', 'TEXAS MQV-8041');
INSERT INTO Spring23_S003_4_carpool_ride (cr_id, source, destination, date_of_ride, start_time, end_time, cpo_id, licence_pl_number) VALUES ('CPRIDE1236', '"68860 Sullivan Lane, Houston, 77288"', '"60811 Homewood Place, El Paso, 88574"', '8-Jun-2022', '17:55:00', '18:15:00', 'CPO10015', 'TEXAS CCM-7226');
INSERT INTO Spring23_S003_4_carpool_ride (cr_id, source, destination, date_of_ride, start_time, end_time, cpo_id, licence_pl_number) VALUES ('CPRIDE1237', '"7 Upham Plaza, Austin, 78703"', '"77822 Division Park,El Paso,88530"', '8-Jan-2023', '11:39:00', '0:53:00', 'CPO1005', 'TEXAS DCJ-4485');
INSERT INTO Spring23_S003_4_carpool_ride (cr_id, source, destination, date_of_ride, start_time, end_time, cpo_id, licence_pl_number) VALUES ('CPRIDE1238', '"7 Upham Plaza, Austin, 78703"', '"79 Old Shore Center, Austin, 78732"', '19-Nov-2022', '9:45:00', '10:06:00', 'CPO1002', 'TEXAS GWM-9092');
INSERT INTO Spring23_S003_4_carpool_ride (cr_id, source, destination, date_of_ride, start_time, end_time, cpo_id, licence_pl_number) VALUES ('CPRIDE1239', '"13 Onsgard Way, El Paso, 88530"', '"6 Mesta Junction,Irving,75062"', '18-Apr-2022', '12:41:00', '13:12:00', 'CPO10043', 'TEXAS BWE-2558');
INSERT INTO Spring23_S003_4_carpool_ride (cr_id, source, destination, date_of_ride, start_time, end_time, cpo_id, licence_pl_number) VALUES ('CPRIDE12310', '"28 Larry Court, Odessa, 79764"', '"66895 Orin Court, Austin, 78726"', '19-Jun-2022', '23:05:00', '23:52:00', 'CPO1008', 'TEXAS ZCY-6060');
INSERT INTO Spring23_S003_4_carpool_ride (cr_id, source, destination, date_of_ride, start_time, end_time, cpo_id, licence_pl_number) VALUES ('CPRIDE12311', '"010 Dexter Place, El Paso, 88514"', '"2705 Moose Pass, Austin, 78764"', '30-Oct-2022', '9:01:00', '9:26:00', 'CPO10043', 'TEXAS BWE-2558');
INSERT INTO Spring23_S003_4_carpool_ride (cr_id, source, destination, date_of_ride, start_time, end_time, cpo_id, licence_pl_number) VALUES ('CPRIDE12312', '"5 Duke Trail, Dallas, 75216"', '"7652 Schmedeman Drive,Katy,77493"', '4-Apr-2023', '21:36:00', '22:10:00', 'CPO10014', 'TEXAS XJE-8334');
INSERT INTO Spring23_S003_4_carpool_ride (cr_id, source, destination, date_of_ride, start_time, end_time, cpo_id, licence_pl_number) VALUES ('CPRIDE12313', '"6959 Lerdahl Circle, Humble, 77346"', '"499 Center Alley, San Antonio, 78285"', '13-Aug-2022', '2:32:00', '2:54:00', 'CPO1008', 'TEXAS ZCY-6060');
INSERT INTO Spring23_S003_4_carpool_ride (cr_id, source, destination, date_of_ride, start_time, end_time, cpo_id, licence_pl_number) VALUES ('CPRIDE12314', '"7 Dorton Street, San Antonio, 78220"', '"499 Center Alley, San Antonio, 78285"', '10-Jul-2022', '18:33:00', '19:01:00', 'CPO10049', 'TEXAS MQV-8041');
INSERT INTO Spring23_S003_4_carpool_ride (cr_id, source, destination, date_of_ride, start_time, end_time, cpo_id, licence_pl_number) VALUES ('CPRIDE12315', '"643 Lakeland Plaza, Austin, 78769"', '"60811 Homewood Place, El Paso, 88574"', '28-Sep-2022', '7:24:00', '8:58:00', 'CPO1002', 'TEXAS GWM-9092');
INSERT INTO Spring23_S003_4_carpool_ride (cr_id, source, destination, date_of_ride, start_time, end_time, cpo_id, licence_pl_number) VALUES ('CPRIDE12316', '"7 Eastwood Lane, Corpus Christi, 78410"', '"2705 Moose Pass, Austin, 78764"', '3-Feb-2023', '21:29:00', '22:42:00', 'CPO10014', 'TEXAS XJE-8334');
INSERT INTO Spring23_S003_4_carpool_ride (cr_id, source, destination, date_of_ride, start_time, end_time, cpo_id, licence_pl_number) VALUES ('CPRIDE12317', '"001 Donald Avenue, Conroe, 77305"', '"66895 Orin Court, Austin, 78726"', '17-Aug-2022', '20:22:00', '21:51:00', 'CPO10015', 'TEXAS CCM-7226');
INSERT INTO Spring23_S003_4_carpool_ride (cr_id, source, destination, date_of_ride, start_time, end_time, cpo_id, licence_pl_number) VALUES ('CPRIDE12318', '"7 Eastwood Lane, Corpus Christi, 78410"', '"7652 Schmedeman Drive,Katy,77493"', '17-Jan-2023', '16:39:00', '17:47:00', 'CPO10051', 'TEXAS LYS-4202');
INSERT INTO Spring23_S003_4_carpool_ride (cr_id, source, destination, date_of_ride, start_time, end_time, cpo_id, licence_pl_number) VALUES ('CPRIDE12319', '"1 Dryden Crossing, Fort Worth, 76129"', '"83586 Londonderry Street, Arlington ,76013"', '19-May-2022', '13:47:00', '14:56:00', 'CPO10036', 'TEXAS CZL-5188');
INSERT INTO Spring23_S003_4_carpool_ride (cr_id, source, destination, date_of_ride, start_time, end_time, cpo_id, licence_pl_number) VALUES ('CPRIDE12320', '"946 Springview Court, Austin, 78715"', '"30199 Crescent Oaks Hill,Lubbock,79405"', '15-Dec-2022', '17:56:00', '18:19:00', 'CPO10018', 'TEXAS LWF-2551');
INSERT INTO Spring23_S003_4_carpool_ride (cr_id, source, destination, date_of_ride, start_time, end_time, cpo_id, licence_pl_number) VALUES ('CPRIDE12321', '"946 Springview Court, Austin, 78715"', '"79 Old Shore Center, Austin, 78732"', '21-Nov-2022', '3:35:00', '4:54:00', 'CPO10043', 'TEXAS BWE-2558');
INSERT INTO Spring23_S003_4_carpool_ride (cr_id, source, destination, date_of_ride, start_time, end_time, cpo_id, licence_pl_number) VALUES ('CPRIDE12322', '"5 Duke Trail, Dallas, 75216"', '"6 Mesta Junction,Irving,75062"', '9-Dec-2022', '4:43:00', '5:30:00', 'CPO10015', 'TEXAS CCM-7226');
INSERT INTO Spring23_S003_4_carpool_ride (cr_id, source, destination, date_of_ride, start_time, end_time, cpo_id, licence_pl_number) VALUES ('CPRIDE12323', '"0 Knutson Alley, Houston, 77293"', '"88 Kenwood Crossing, San Angelo, 76905"', '28-Aug-2022', '12:39:00', '13:21:00', 'CPO1002', 'TEXAS GWM-9092');
INSERT INTO Spring23_S003_4_carpool_ride (cr_id, source, destination, date_of_ride, start_time, end_time, cpo_id, licence_pl_number) VALUES ('CPRIDE12324', '"001 Donald Avenue, Conroe, 77305"', '"2705 Moose Pass, Austin, 78764"', '25-Sep-2022', '15:18:00', '16:13:00', 'CPO10033', 'TEXAS SMC-6473');
INSERT INTO Spring23_S003_4_carpool_ride (cr_id, source, destination, date_of_ride, start_time, end_time, cpo_id, licence_pl_number) VALUES ('CPRIDE12325', '"946 Springview Court, Austin, 78715"', '"381 Lyons Road, El Paso, 88541"', '25-May-2022', '0:09:00', '1:54:00', 'CPO10031', 'TEXAS BFP-4572');
INSERT INTO Spring23_S003_4_carpool_ride (cr_id, source, destination, date_of_ride, start_time, end_time, cpo_id, licence_pl_number) VALUES ('CPRIDE12326', '"7 Dorton Street, San Antonio, 78220"', '"79 Old Shore Center, Austin, 78732"', '26-Apr-2022', '2:45:00', '3:06:00', 'CPO10018', 'TEXAS LWF-2551');
INSERT INTO Spring23_S003_4_carpool_ride (cr_id, source, destination, date_of_ride, start_time, end_time, cpo_id, licence_pl_number) VALUES ('CPRIDE12327', '"643 Lakeland Plaza, Austin, 78769"', '"77822 Division Park,El Paso,88530"', '7-Jul-2022', '16:18:00', '17:55:00', 'CPO10043', 'TEXAS BWE-2558');
INSERT INTO Spring23_S003_4_carpool_ride (cr_id, source, destination, date_of_ride, start_time, end_time, cpo_id, licence_pl_number) VALUES ('CPRIDE12328', '"001 Donald Avenue, Conroe, 77305"', '"2705 Moose Pass, Austin, 78764"', '11-Sep-2022', '14:00:00', '15:47:00', 'CPO10031', 'TEXAS BFP-4572');
INSERT INTO Spring23_S003_4_carpool_ride (cr_id, source, destination, date_of_ride, start_time, end_time, cpo_id, licence_pl_number) VALUES ('CPRIDE12329', '"001 Donald Avenue, Conroe, 77305"', '"35 Duke Circle, Irving, 75062"', '12-May-2022', '17:18:00', '18:40:00', 'CPO10023', 'TEXAS TDZ-5185');
INSERT INTO Spring23_S003_4_carpool_ride (cr_id, source, destination, date_of_ride, start_time, end_time, cpo_id, licence_pl_number) VALUES ('CPRIDE12330', '"6 Schmedeman Way, Houston, 77095"', '"499 Center Alley, San Antonio, 78285"', '4-Dec-2022', '3:07:00', '4:29:00', 'CPO10015', 'TEXAS CCM-7226');
INSERT INTO Spring23_S003_4_carpool_ride (cr_id, source, destination, date_of_ride, start_time, end_time, cpo_id, licence_pl_number) VALUES ('CPRIDE12331', '"946 Springview Court, Austin, 78715"', '"7652 Schmedeman Drive,Katy,77493"', '10-Jun-2022', '7:45:00', '8:14:00', 'CPO10047', 'TEXAS BJM-8728');
INSERT INTO Spring23_S003_4_carpool_ride (cr_id, source, destination, date_of_ride, start_time, end_time, cpo_id, licence_pl_number) VALUES ('CPRIDE12332', '"643 Lakeland Plaza, Austin, 78769"', '"35 Spohn Parkway,Denton,76205"', '24-Mar-2023', '3:45:00', '4:29:00', 'CPO10017', 'TEXAS TJU-241');
INSERT INTO Spring23_S003_4_carpool_ride (cr_id, source, destination, date_of_ride, start_time, end_time, cpo_id, licence_pl_number) VALUES ('CPRIDE12333', '"010 Dexter Place, El Paso, 88514"', '"83586 Londonderry Street, Arlington, 76013"', '14-Apr-2023', '2:29:00', '3:48:00', 'CPO10043', 'TEXAS BWE-2558');
INSERT INTO Spring23_S003_4_carpool_ride (cr_id, source, destination, date_of_ride, start_time, end_time, cpo_id, licence_pl_number) VALUES ('CPRIDE12334', '"13 Onsgard Way, El Paso, 88530"', '"83586 Londonderry Street, Arlington, 76013"', '27-Nov-2022', '5:26:00', '6:29:00', 'CPO10047', 'TEXAS BJM-8728');
INSERT INTO Spring23_S003_4_carpool_ride (cr_id, source, destination, date_of_ride, start_time, end_time, cpo_id, licence_pl_number) VALUES ('CPRIDE12335', '"1 Dryden Crossing, Fort Worth, 76129"', '"35 Duke Circle, Irving, 75062"', '3-Mar-2023', '9:34:00', '10:19:00', 'CPO10031', 'TEXAS BFP-4572');
INSERT INTO Spring23_S003_4_carpool_ride (cr_id, source, destination, date_of_ride, start_time, end_time, cpo_id, licence_pl_number) VALUES ('CPRIDE12336', '"6 Schmedeman Way, Houston, 77095"', '"71945 Debra Alley,Dallas,75265"', '19-Sep-2022', '21:32:00', '22:21:00', 'CPO10018', 'TEXAS LWF-2551');
INSERT INTO Spring23_S003_4_carpool_ride (cr_id, source, destination, date_of_ride, start_time, end_time, cpo_id, licence_pl_number) VALUES ('CPRIDE12337', '"946 Springview Court, Austin, 78715"', '"52 Dahle Court Fort Worth,76192"', '21-Sep-2022', '12:48:00', '13:43:00', 'CPO1002', 'TEXAS GWM-9092');
INSERT INTO Spring23_S003_4_carpool_ride (cr_id, source, destination, date_of_ride, start_time, end_time, cpo_id, licence_pl_number) VALUES ('CPRIDE12338', '"643 Lakeland Plaza, Austin, 78769"', '"52 Dahle Court, Fort Worth,76192"', '4-Oct-2022', '17:32:00', '18:20:00', 'CPO10019', 'TEXAS SBX-4089');
INSERT INTO Spring23_S003_4_carpool_ride (cr_id, source, destination, date_of_ride, start_time, end_time, cpo_id, licence_pl_number) VALUES ('CPRIDE12339', '"2 Ridgeview Circle, Conroe, 77305"', '"875 Lunder Trail, Houston, 77065"', '11-Nov-2022', '10:28:00', '11:50:00', 'CPO10019', 'TEXAS SBX-4089');
INSERT INTO Spring23_S003_4_carpool_ride (cr_id, source, destination, date_of_ride, start_time, end_time, cpo_id, licence_pl_number) VALUES ('CPRIDE12340', '"5 Duke Trail, Dallas, 75216"', '"5 Jackson Hill, Dallas, 75236"', '17-Oct-2022', '17:21:00', '19:25:00', 'CPO1006', 'TEXAS ZNL-6283');
INSERT INTO Spring23_S003_4_carpool_ride (cr_id, source, destination, date_of_ride, start_time, end_time, cpo_id, licence_pl_number) VALUES ('CPRIDE12341', '"5 Duke Trail, Dallas, 75216"', '"77822 Division Park,El Paso,88530"', '25-Dec-2022', '4:42:00', '5:10:00', 'CPO10025', 'TEXAS PQZ-3908');
INSERT INTO Spring23_S003_4_carpool_ride (cr_id, source, destination, date_of_ride, start_time, end_time, cpo_id, licence_pl_number) VALUES ('CPRIDE12342', '"68860 Sullivan Lane, Houston, 77288"', '"71945 Debra Alley,Dallas,75265"', '18-May-2022', '5:56:00', '6:13:00', 'CPO1006', 'TEXAS ZNL-6283');
INSERT INTO Spring23_S003_4_carpool_ride (cr_id, source, destination, date_of_ride, start_time, end_time, cpo_id, licence_pl_number) VALUES ('CPRIDE12343', '"010 Dexter Place, El Paso, 88514"', '"678 Lindbergh Junction, Amarillo, 79105"', '16-Feb-2023', '7:24:00', '8:40:00', 'CPO10014', 'TEXAS XJE-8334');
INSERT INTO Spring23_S003_4_carpool_ride (cr_id, source, destination, date_of_ride, start_time, end_time, cpo_id, licence_pl_number) VALUES ('CPRIDE12344', '"6 Schmedeman Way, Houston, 77095"', '"7652 Schmedeman Drive,Katy,77493"', '9-Mar-2023', '2:50:00', '3:53:00', 'CPO10031', 'TEXAS BFP-4572');
INSERT INTO Spring23_S003_4_carpool_ride (cr_id, source, destination, date_of_ride, start_time, end_time, cpo_id, licence_pl_number) VALUES ('CPRIDE12345', '"195 Mcbride Center, Beaumont, 77713"', '"35 Duke Circle, Irving, 75062"', '12-Apr-2023', '19:22:00', '20:42:00', 'CPO10033', 'TEXAS SMC-6473');
INSERT INTO Spring23_S003_4_carpool_ride (cr_id, source, destination, date_of_ride, start_time, end_time, cpo_id, licence_pl_number) VALUES ('CPRIDE12346', '"7 Eastwood Lane, Corpus Christi, 78410"', '"60811 Homewood Place, El Paso, 88574"', '14-May-2022', '15:47:00', '16:28:00', 'CPO10023', 'TEXAS TDZ-5185');
INSERT INTO Spring23_S003_4_carpool_ride (cr_id, source, destination, date_of_ride, start_time, end_time, cpo_id, licence_pl_number) VALUES ('CPRIDE12347', '"5 Duke Trail, Dallas, 75216"', '"79 Old Shore Center, Austin, 78732"', '14-May-2022', '9:52:00', '10:46:00', 'CPO10032', 'TEXAS NEF-1232');
INSERT INTO Spring23_S003_4_carpool_ride (cr_id, source, destination, date_of_ride, start_time, end_time, cpo_id, licence_pl_number) VALUES ('CPRIDE12348', '"28 Larry Court, Odessa, 79764"', '"5 Jackson Hill, Dallas, 75236"', '26-Nov-2022', '6:47:00', '7:41:00', 'CPO1002', 'TEXAS GWM-9092');
INSERT INTO Spring23_S003_4_carpool_ride (cr_id, source, destination, date_of_ride, start_time, end_time, cpo_id, licence_pl_number) VALUES ('CPRIDE12349', '"01511 Saint Paul Parkway, San Angelo, 76905"', '"30199 Crescent Oaks Hill,Lubbock,79405"', '1-Apr-2023', '11:39:00', '12:51:00', 'CPO10033', 'TEXAS SMC-6473');
INSERT INTO Spring23_S003_4_carpool_ride (cr_id, source, destination, date_of_ride, start_time, end_time, cpo_id, licence_pl_number) VALUES ('CPRIDE12350', '"6 Schmedeman Way, Houston, 77095"', '"6 Mesta Junction,Irving,75062"', '27-Aug-2022', '11:44:00', '12:30:00', 'CPO10023', 'TEXAS TDZ-5185');
INSERT INTO Spring23_S003_4_carpool_ride (cr_id, source, destination, date_of_ride, start_time, end_time, cpo_id, licence_pl_number) VALUES ('CPRIDE12351', '"7 Eastwood Lane, Corpus Christi, 78410"', '"30199 Crescent Oaks Hill,Lubbock,79405"', '12-Aug-2022', '23:55:00', '0:17:00', 'CPO10051', 'TEXAS LYS-4202');
INSERT INTO Spring23_S003_4_carpool_ride (cr_id, source, destination, date_of_ride, start_time, end_time, cpo_id, licence_pl_number) VALUES ('CPRIDE12352', '"5 Duke Trail, Dallas, 75216"', '"88 Kenwood Crossing, San Angelo, 76905"', '19-Aug-2022', '1:55:00', '2:37:00', 'CPO10031', 'TEXAS BFP-4572');
INSERT INTO Spring23_S003_4_carpool_ride (cr_id, source, destination, date_of_ride, start_time, end_time, cpo_id, licence_pl_number) VALUES ('CPRIDE12353', '"7 Dorton Street, San Antonio, 78220"', '"5 Jackson Hill, Dallas, 75236"', '12-Jun-2022', '2:27:00', '3:27:00', 'CPO1003', 'TEXAS IAH-2306');
INSERT INTO Spring23_S003_4_carpool_ride (cr_id, source, destination, date_of_ride, start_time, end_time, cpo_id, licence_pl_number) VALUES ('CPRIDE12354', '"5 Duke Trail, Dallas, 75216"', '"96510 Becker Lane, Lubbock, 79491"', '16-Feb-2023', '18:49:00', '19:27:00', 'CPO10036', 'TEXAS CZL-5188');
INSERT INTO Spring23_S003_4_carpool_ride (cr_id, source, destination, date_of_ride, start_time, end_time, cpo_id, licence_pl_number) VALUES ('CPRIDE12355', '"7 Eastwood Lane, Corpus Christi, 78410"', '"52 Dahle Court ,Fort Worth,76192"', '24-Jul-2022', '8:05:00', '9:36:00', 'CPO10032', 'TEXAS NEF-1232');
INSERT INTO Spring23_S003_4_carpool_ride (cr_id, source, destination, date_of_ride, start_time, end_time, cpo_id, licence_pl_number) VALUES ('CPRIDE12356', '"5 Duke Trail, Dallas, 75216"', '"35 Spohn Parkway,Denton,76205"', '2-Nov-2022', '3:45:00', '4:46:00', 'CPO10033', 'TEXAS SMC-6473');
INSERT INTO Spring23_S003_4_carpool_ride (cr_id, source, destination, date_of_ride, start_time, end_time, cpo_id, licence_pl_number) VALUES ('CPRIDE12357', '"195 Mcbride Center, Beaumont, 77713"', '"23 Talmadge Street, Dallas, 75342"', '20-Jul-2022', '15:43:00', '16:32:00', 'CPO10048', 'TEXAS ETC-3483');
INSERT INTO Spring23_S003_4_carpool_ride (cr_id, source, destination, date_of_ride, start_time, end_time, cpo_id, licence_pl_number) VALUES ('CPRIDE12358', '"7 Eastwood Lane, Corpus Christi, 78410"', '"0770 Barby Lane, Houston, 77260"', '6-Sep-2022', '5:26:00', '6:32:00', 'CPO10046', 'TEXAS APC-6984');
INSERT INTO Spring23_S003_4_carpool_ride (cr_id, source, destination, date_of_ride, start_time, end_time, cpo_id, licence_pl_number) VALUES ('CPRIDE12359', '"2 Ridgeview Circle, Conroe, 77305"', '"79 Old Shore Center, Austin, 78732"', '20-Jul-2022', '6:58:00', '7:40:00', 'CPO1003', 'TEXAS IAH-2306');
INSERT INTO Spring23_S003_4_carpool_ride (cr_id, source, destination, date_of_ride, start_time, end_time, cpo_id, licence_pl_number) VALUES ('CPRIDE12360', '"3 Clyde Gallagher Place, Denton, 76210"', '"83586 Londonderry Street, Arlington, 76013"', '17-Feb-2023', '3:53:00', '4:39:00', 'CPO10024', 'TEXAS OCP-233');
INSERT INTO Spring23_S003_4_carpool_ride (cr_id, source, destination, date_of_ride, start_time, end_time, cpo_id, licence_pl_number) VALUES ('CPRIDE12361', '"6 Schmedeman Way, Houston, 77095"', '"581 Russell Pass, Waco, 76705"', '20-Sep-2022', '10:36:00', '11:52:00', 'CPO1008', 'TEXAS ZCY-6060');
INSERT INTO Spring23_S003_4_carpool_ride (cr_id, source, destination, date_of_ride, start_time, end_time, cpo_id, licence_pl_number) VALUES ('CPRIDE12362', '"3 Clyde Gallagher Place, Denton, 76210"', '"5 Jackson Hill, Dallas, 75236"', '6-Apr-2023', '1:30:00', '2:34:00', 'CPO10048', 'TEXAS ETC-3483');
INSERT INTO Spring23_S003_4_carpool_ride (cr_id, source, destination, date_of_ride, start_time, end_time, cpo_id, licence_pl_number) VALUES ('CPRIDE12363', '"195 Mcbride Center, Beaumont, 77713"', '"5 Jackson Hill, Dallas, 75236"', '25-Feb-2023', '8:34:00', '9:54:00', 'CPO1003', 'TEXAS IAH-2306');
INSERT INTO Spring23_S003_4_carpool_ride (cr_id, source, destination, date_of_ride, start_time, end_time, cpo_id, licence_pl_number) VALUES ('CPRIDE12364', '"7 Dorton Street, San Antonio, 78220"', '"71945 Debra Alley,Dallas,75265"', '13-Jan-2023', '22:55:00', '23:08:00', 'CPO10024', 'TEXAS OCP-233');
INSERT INTO Spring23_S003_4_carpool_ride (cr_id, source, destination, date_of_ride, start_time, end_time, cpo_id, licence_pl_number) VALUES ('CPRIDE12365', '"946 Springview Court, Austin, 78715"', '"5 Jackson Hill, Dallas, 75236"', '4-Jan-2023', '9:08:00', '9:47:00', 'CPO10032', 'TEXAS NEF-1232');
INSERT INTO Spring23_S003_4_carpool_ride (cr_id, source, destination, date_of_ride, start_time, end_time, cpo_id, licence_pl_number) VALUES ('CPRIDE12366', '"7 Upham Plaza, Austin, 78703"', '"77822 Division Park,El Paso,88530"', '3-Feb-2023', '21:51:00', '22:36:00', 'CPO10048', 'TEXAS ETC-3483');
INSERT INTO Spring23_S003_4_carpool_ride (cr_id, source, destination, date_of_ride, start_time, end_time, cpo_id, licence_pl_number) VALUES ('CPRIDE12367', '"946 Springview Court, Austin, 78715"', '"71945 Debra Alley,Dallas,75265"', '11-Dec-2022', '2:51:00', '3:50:00', 'CPO1001', 'TEXAS YKB-7867');
INSERT INTO Spring23_S003_4_carpool_ride (cr_id, source, destination, date_of_ride, start_time, end_time, cpo_id, licence_pl_number) VALUES ('CPRIDE12368', '"010 Dexter Place, El Paso, 88514"', '"678 Lindbergh Junction, Amarillo, 79105"', '12-Nov-2022', '13:39:00', '14:59:00', 'CPO10024', 'TEXAS OCP-233');
INSERT INTO Spring23_S003_4_carpool_ride (cr_id, source, destination, date_of_ride, start_time, end_time, cpo_id, licence_pl_number) VALUES ('CPRIDE12369', '"0 Knutson Alley, Houston, 77293"', '"7652 Schmedeman Drive,Katy,77493"', '1-Jan-2023', '13:02:00', '14:47:00', 'CPO10045', 'TEXAS CNA-6395');
INSERT INTO Spring23_S003_4_carpool_ride (cr_id, source, destination, date_of_ride, start_time, end_time, cpo_id, licence_pl_number) VALUES ('CPRIDE12370', '"0867 Red Cloud Plaza, San Antonio, 78278"', '"35 Duke Circle, Irving, 75062"', '12-Jun-2022', '23:51:00', '1:06:00', 'CPO10051', 'TEXAS LYS-4202');
INSERT INTO Spring23_S003_4_carpool_ride (cr_id, source, destination, date_of_ride, start_time, end_time, cpo_id, licence_pl_number) VALUES ('CPRIDE12371', '"7 Upham Plaza, Austin, 78703"', '"60811 Homewood Place, El Paso, 88574"', '20-Nov-2022', '0:30:00', '0:59:00', 'CPO10045', 'TEXAS CNA-6395');
INSERT INTO Spring23_S003_4_carpool_ride (cr_id, source, destination, date_of_ride, start_time, end_time, cpo_id, licence_pl_number) VALUES ('CPRIDE12372', '"68860 Sullivan Lane, Houston, 77288"', '"79 Old Shore Center, Austin, 78732"', '2-May-2022', '13:15:00', '14:58:00', 'CPO1008', 'TEXAS ZCY-6060');
INSERT INTO Spring23_S003_4_carpool_ride (cr_id, source, destination, date_of_ride, start_time, end_time, cpo_id, licence_pl_number) VALUES ('CPRIDE12373', '"195 Mcbride Center, Beaumont, 77713"', '"5 Jackson Hill, Dallas, 75236"', '2-Oct-2022', '4:36:00', '5:50:00', 'CPO10017', 'TEXAS TJU-241');




---10---
INSERT INTO Spring23_S003_4_car_rental_ride (ride_id, pickup_loc, pickup_time, drop_time, car_rent_date, fare, licence_pl_number) VALUES ('CRR2001', '"6145 Pierstorff Center, El Paso, 88574"', '6:46:00', '18:00:00', '17-Apr-2023', '95.34', 'TEXAS LAM-5756');
INSERT INTO Spring23_S003_4_car_rental_ride (ride_id, pickup_loc, pickup_time, drop_time, car_rent_date, fare, licence_pl_number) VALUES ('CRR2002', '"3 Lillian Hill Dallas, 75387"', '10:35:00', '21:44:00', '3-Mar-2022', '75.97', 'TEXAS GBG-2021');
INSERT INTO Spring23_S003_4_car_rental_ride (ride_id, pickup_loc, pickup_time, drop_time, car_rent_date, fare, licence_pl_number) VALUES ('CRR2003', '"68733 Twin Pines Lane, Houston, 77045"', '10:46:00', '15:18:00', '29-Aug-2022', '45.87', 'TEXAS AJM-3803');
INSERT INTO Spring23_S003_4_car_rental_ride (ride_id, pickup_loc, pickup_time, drop_time, car_rent_date, fare, licence_pl_number) VALUES ('CRR2004', '"54 Novick Way, Fort Worth, 76105"', '10:15:00', '16:05:00', '18-Dec-2022', '65.89', 'TEXAS ORK-2305');
INSERT INTO Spring23_S003_4_car_rental_ride (ride_id, pickup_loc, pickup_time, drop_time, car_rent_date, fare, licence_pl_number) VALUES ('CRR2005', '"8 Blackbird Hill, Bryan, 77806"', '12:27:00', '23:16:00', '20-Jun-2022', '78.00', 'TEXAS LCR-5661');
INSERT INTO Spring23_S003_4_car_rental_ride (ride_id, pickup_loc, pickup_time, drop_time, car_rent_date, fare, licence_pl_number) VALUES ('CRR2006', '"0173 Dunning Terrace, Houston, 77095"', '0:30:00', '9:06:00', '3-Jan-2023', '77.89', 'TEXAS FFJ-7662');
INSERT INTO Spring23_S003_4_car_rental_ride (ride_id, pickup_loc, pickup_time, drop_time, car_rent_date, fare, licence_pl_number) VALUES ('CRR2007', '"1789 Northport Plaza, Conroe, 77305"', '0:14:00', '21:49:00', '23-Apr-2023', '154.67', 'TEXAS PHM-174');
INSERT INTO Spring23_S003_4_car_rental_ride (ride_id, pickup_loc, pickup_time, drop_time, car_rent_date, fare, licence_pl_number) VALUES ('CRR2008', '"7539 Kenwood Road, Dallas, 75236"', '10:12:00', '18:41:00', '23-Jun-2022', '67.89', 'TEXAS PQD-5148');
INSERT INTO Spring23_S003_4_car_rental_ride (ride_id, pickup_loc, pickup_time, drop_time, car_rent_date, fare, licence_pl_number) VALUES ('CRR2009', '"07785 Bobwhite Street, Beaumont, 77705"', '6:19:00', '18:12:00', '1-Sep-2022', '103.70', 'TEXAS JZX-3080');
INSERT INTO Spring23_S003_4_car_rental_ride (ride_id, pickup_loc, pickup_time, drop_time, car_rent_date, fare, licence_pl_number) VALUES ('CRR20010', '"461 Browning Crossing, Austin, 78769"', '15:33:00', '23:28:00', '13-Oct-2022', '56.64', 'TEXAS WRM-2617');
INSERT INTO Spring23_S003_4_car_rental_ride (ride_id, pickup_loc, pickup_time, drop_time, car_rent_date, fare, licence_pl_number) VALUES ('CRR20011', '"8906 Independence Place, Austin, 78732"', '14:36:00', '20:35:00', '22-Oct-2022', '45.67', 'TEXAS OBB-7708');
INSERT INTO Spring23_S003_4_car_rental_ride (ride_id, pickup_loc, pickup_time, drop_time, car_rent_date, fare, licence_pl_number) VALUES ('CRR20012', '"598 Lerdahl, El Paso, 79945"', '0:35:00', '4:51:00', '30-Apr-2022', '34.00', 'TEXAS KED-9320');
INSERT INTO Spring23_S003_4_car_rental_ride (ride_id, pickup_loc, pickup_time, drop_time, car_rent_date, fare, licence_pl_number) VALUES ('CRR20013', '"01 Scott Place, Dallas, 75236"', '12:05:00', '19:59:00', '22-Oct-2022', '46.56', 'TEXAS CAD-5933');
INSERT INTO Spring23_S003_4_car_rental_ride (ride_id, pickup_loc, pickup_time, drop_time, car_rent_date, fare, licence_pl_number) VALUES ('CRR20014', '"07785 Bobwhite Street, Beaumont, 77705"', '20:41:00', '22:46:00', '24-Aug-2022', '21.22', 'TEXAS JZX-3080');
INSERT INTO Spring23_S003_4_car_rental_ride (ride_id, pickup_loc, pickup_time, drop_time, car_rent_date, fare, licence_pl_number) VALUES ('CRR20015', '"58099 Larry Park, Arlington, 76011"', '14:44:00', '19:32:00', '12-Aug-22', '58.97', 'TEXAS AKB-799');
INSERT INTO Spring23_S003_4_car_rental_ride (ride_id, pickup_loc, pickup_time, drop_time, car_rent_date, fare, licence_pl_number) VALUES ('CRR20016', '"10235 Dwight Way, Odessa, 79764"', '3:09:00', '23:09:00', '29-Sep-22', '156.76', 'TEXAS UJA-8399');
INSERT INTO Spring23_S003_4_car_rental_ride (ride_id, pickup_loc, pickup_time, drop_time, car_rent_date, fare, licence_pl_number) VALUES ('CRR20017', '"3 West Hill, El Paso, 79945"', '13:35:00', '17:44:00', '10-Nov-22', '55.78', 'TEXAS ZBX-825');
INSERT INTO Spring23_S003_4_car_rental_ride (ride_id, pickup_loc, pickup_time, drop_time, car_rent_date, fare, licence_pl_number) VALUES ('CRR20018', '"54 Novick Way, Fort Worth, 76105"', '21:06:00', '23:28:00', '17-Dec-22', '25.67', 'TEXAS ORK-2305');
INSERT INTO Spring23_S003_4_car_rental_ride (ride_id, pickup_loc, pickup_time, drop_time, car_rent_date, fare, licence_pl_number) VALUES ('CRR20019', '"632 Becker Trail, Irving, 75062"', '7:37:00', '12:27:00', '31-Dec-22', '48.56', 'TEXAS QBE-670');
INSERT INTO Spring23_S003_4_car_rental_ride (ride_id, pickup_loc, pickup_time, drop_time, car_rent_date, fare, licence_pl_number) VALUES ('CRR20020', '"4744 Northland Way, Austin, 78769"', '7:07:00', '17:38:00', '7-Aug-22', '89.67', 'TEXAS QNM-4898');
INSERT INTO Spring23_S003_4_car_rental_ride (ride_id, pickup_loc, pickup_time, drop_time, car_rent_date, fare, licence_pl_number) VALUES ('CRR20021', '"0173 Dunning Terrace, Houston, 77095"', '19:00:00', '22:05:00', '3-Jan-23', '33.67', 'TEXAS FFJ-7662');
INSERT INTO Spring23_S003_4_car_rental_ride (ride_id, pickup_loc, pickup_time, drop_time, car_rent_date, fare, licence_pl_number) VALUES ('CRR20022', '"1789 Northport Plaza, Conroe, 77305"', '4:51:00', '10:32:00', '30-Apr-23', '60.70', 'TEXAS PHM-174');
INSERT INTO Spring23_S003_4_car_rental_ride (ride_id, pickup_loc, pickup_time, drop_time, car_rent_date, fare, licence_pl_number) VALUES ('CRR20023', '"7539 Kenwood Road, Dallas, 75236"', '6:00:00', '20:24:00', '8-Jun-22', '123.67', 'TEXAS PQD-5148');
INSERT INTO Spring23_S003_4_car_rental_ride (ride_id, pickup_loc, pickup_time, drop_time, car_rent_date, fare, licence_pl_number) VALUES ('CRR20024', '"90265 Bluejay Alley, Fort Worth, 76198"', '4:56:00', '7:07:00', '27-Nov-22', '36.56', 'TEXAS YES-4988');
INSERT INTO Spring23_S003_4_car_rental_ride (ride_id, pickup_loc, pickup_time, drop_time, car_rent_date, fare, licence_pl_number) VALUES ('CRR20025', '"609 Starling Court, Irving, 75062"', '14:53:00', '19:45:00', '5-Sep-22', '45.67', 'TEXAS YHC-5671');
INSERT INTO Spring23_S003_4_car_rental_ride (ride_id, pickup_loc, pickup_time, drop_time, car_rent_date, fare, licence_pl_number) VALUES ('CRR20026', '"01 Scott Place, Dallas, 75236"', '15:55:00', '23:16:00', '11-Oct-22', '78.89', 'TEXAS CAD-5933');
INSERT INTO Spring23_S003_4_car_rental_ride (ride_id, pickup_loc, pickup_time, drop_time, car_rent_date, fare, licence_pl_number) VALUES ('CRR20027', '"26608 Graceland Crossing, San Angelo, 76905"', '18:39:00', '23:59:00', '3-May-22', '33.00', 'TEXAS KNF-8494');
INSERT INTO Spring23_S003_4_car_rental_ride (ride_id, pickup_loc, pickup_time, drop_time, car_rent_date, fare, licence_pl_number) VALUES ('CRR20028', '"65260 Straubel Parkway, Fort Worth, 76198"', '0:56:00', '5:11:00', '29-Mar-2022', '44.00', 'TEXAS GBG-2021');
INSERT INTO Spring23_S003_4_car_rental_ride (ride_id, pickup_loc, pickup_time, drop_time, car_rent_date, fare, licence_pl_number) VALUES ('CRR20029', '"0 Hanover Alley, Gatesville, 76598"', '3:10:00', '12:33:00', '20-Dec-22', '72.56', 'TEXAS QBQ-490');
INSERT INTO Spring23_S003_4_car_rental_ride (ride_id, pickup_loc, pickup_time, drop_time, car_rent_date, fare, licence_pl_number) VALUES ('CRR20030', '"461 Browning Crossing, Austin, 78769"', '2:47:00', '12:13:00', '13-Jul-22', '102.45', 'TEXAS WRM-2617');
INSERT INTO Spring23_S003_4_car_rental_ride (ride_id, pickup_loc, pickup_time, drop_time, car_rent_date, fare, licence_pl_number) VALUES ('CRR20031', '"8906 Independence Place, Austin, 78732"', '0:45:00', '18:53:00', '15-Nov-22', '153.80', 'TEXAS OBB-7708');
INSERT INTO Spring23_S003_4_car_rental_ride (ride_id, pickup_loc, pickup_time, drop_time, car_rent_date, fare, licence_pl_number) VALUES ('CRR20032', '"8 Blackbird Hill, Bryan, 77806"', '12:05:00', '17:54:00', '20-Jun-22', '76.00', 'TEXAS LCR-5661');
INSERT INTO Spring23_S003_4_car_rental_ride (ride_id, pickup_loc, pickup_time, drop_time, car_rent_date, fare, licence_pl_number) VALUES ('CRR20033', '"68733 Twin Pines Lane, Houston, 77045"', '22:32:00', '23:50:00', '29-Aug-22', '12.67', 'TEXAS AJM-3803');
INSERT INTO Spring23_S003_4_car_rental_ride (ride_id, pickup_loc, pickup_time, drop_time, car_rent_date, fare, licence_pl_number) VALUES ('CRR20034', '"6145 Pierstorff Center, El Paso, 88574"', '16:06:00', '18:27:00', '19-Apr-23', '23.67', 'TEXAS LAM-5756');
INSERT INTO Spring23_S003_4_car_rental_ride (ride_id, pickup_loc, pickup_time, drop_time, car_rent_date, fare, licence_pl_number) VALUES ('CRR20035', '"3 Lillian Hill Dallas, 75387"', '12:57:00', '23:46:00', '18-Aug-22', '127.00', 'TEXAS YHC-5671');
INSERT INTO Spring23_S003_4_car_rental_ride (ride_id, pickup_loc, pickup_time, drop_time, car_rent_date, fare, licence_pl_number) VALUES ('CRR20036', '"54 Novick Way, Fort Worth, 76105"', '10:42:00', '19:20:00', '17-Dec-22', '78.96', 'TEXAS ORK-2305');
INSERT INTO Spring23_S003_4_car_rental_ride (ride_id, pickup_loc, pickup_time, drop_time, car_rent_date, fare, licence_pl_number) VALUES ('CRR20037', '"1789 Northport Plaza, Conroe, 77305"', '9:13:00', '19:21:00', '22-Apr-23', '137.78', 'TEXAS PHM-174');
INSERT INTO Spring23_S003_4_car_rental_ride (ride_id, pickup_loc, pickup_time, drop_time, car_rent_date, fare, licence_pl_number) VALUES ('CRR20038', '"8367 Lukken Center, Dallas, 75287"', '12:50:00', '19:55:00', '29-Nov-22', '78.09', 'TEXAS EYV-3944');
INSERT INTO Spring23_S003_4_car_rental_ride (ride_id, pickup_loc, pickup_time, drop_time, car_rent_date, fare, licence_pl_number) VALUES ('CRR20039', '"8367 Lukken Center, Dallas, 75287"', '14:03:00', '20:21:00', '10-Dec-22', '67.89', 'TEXAS EYV-3944');
INSERT INTO Spring23_S003_4_car_rental_ride (ride_id, pickup_loc, pickup_time, drop_time, car_rent_date, fare, licence_pl_number) VALUES ('CRR20040', '"9 Lillian Alley, Garland, 75049"', '9:03:00', '13:47:00', '8-May-22', '45.09', 'TEXAS VHI-4475');
INSERT INTO Spring23_S003_4_car_rental_ride (ride_id, pickup_loc, pickup_time, drop_time, car_rent_date, fare, licence_pl_number) VALUES ('CRR20041', '"82906 Anzinger Park, Dallas, 75310"', '21:46:00', '23:32:00', '17-Oct-22', '27.45', 'TEXAS VCH-4873');
INSERT INTO Spring23_S003_4_car_rental_ride (ride_id, pickup_loc, pickup_time, drop_time, car_rent_date, fare, licence_pl_number) VALUES ('CRR20042', '"4033 Butterfield Crossing, Amarillo, 79165"', '14:14:00', '22:49:00', '25-Jul-22', '87.34', 'TEXAS YQA-182');
INSERT INTO Spring23_S003_4_car_rental_ride (ride_id, pickup_loc, pickup_time, drop_time, car_rent_date, fare, licence_pl_number) VALUES ('CRR20043', '"9 Lillian Parkway, San Antonio, 78265"', '6:01:00', '17:24:00', '21-May-22', '123.45', 'TEXAS CUB-5936');
INSERT INTO Spring23_S003_4_car_rental_ride (ride_id, pickup_loc, pickup_time, drop_time, car_rent_date, fare, licence_pl_number) VALUES ('CRR20044', '"08 Dahle Junction, Garland, 75044"', '12:41:00', '18:40:00', '22-Nov-22', '68.09', 'TEXAS OQA-1393');
INSERT INTO Spring23_S003_4_car_rental_ride (ride_id, pickup_loc, pickup_time, drop_time, car_rent_date, fare, licence_pl_number) VALUES ('CRR20045', '"957 Marquette Pass, Fort Worth, 76198"', '13:57:00', '17:10:00', '16-Aug-22', '33.67', 'TEXAS ACH-413');
INSERT INTO Spring23_S003_4_car_rental_ride (ride_id, pickup_loc, pickup_time, drop_time, car_rent_date, fare, licence_pl_number) VALUES ('CRR20046', '"82906 Anzinger Park, Dallas, 75310"', '12:17:00', '17:50:00', '25-Oct-22', '68.40', 'TEXAS VCH-4873');
INSERT INTO Spring23_S003_4_car_rental_ride (ride_id, pickup_loc, pickup_time, drop_time, car_rent_date, fare, licence_pl_number) VALUES ('CRR20047', '"02 Scofield Trail, El Paso, 79999"', '5:38:00', '12:57:00', '17-Mar-23', '69.09', 'TEXAS TEA-1177');
INSERT INTO Spring23_S003_4_car_rental_ride (ride_id, pickup_loc, pickup_time, drop_time, car_rent_date, fare, licence_pl_number) VALUES ('CRR20048', '"73365 Colorado Street, San Angelo, 76905"', '11:32:00', '22:54:00', '18-Oct-22', '100.67', 'TEXAS IPE-8506');
INSERT INTO Spring23_S003_4_car_rental_ride (ride_id, pickup_loc, pickup_time, drop_time, car_rent_date, fare, licence_pl_number) VALUES ('CRR20049', '"3 West Hill, El Paso, 79945"', '19:28:00', '23:28:00', '2-Nov-22', '43.67', 'TEXAS ZBX-825');
INSERT INTO Spring23_S003_4_car_rental_ride (ride_id, pickup_loc, pickup_time, drop_time, car_rent_date, fare, licence_pl_number) VALUES ('CRR20050', '"4647 Loftsgordon Park, El Paso, 88546"', '10:24:00', '18:25:00', '7-Jan-23', '70.90', 'TEXAS BSD-2904');
INSERT INTO Spring23_S003_4_car_rental_ride (ride_id, pickup_loc, pickup_time, drop_time, car_rent_date, fare, licence_pl_number) VALUES ('CRR20051', '"1789 Northport Plaza, Conroe, 77305"', '13:44:00', '23:53:00', '30-Apr-23', '134.09', 'TEXAS PHM-174');
INSERT INTO Spring23_S003_4_car_rental_ride (ride_id, pickup_loc, pickup_time, drop_time, car_rent_date, fare, licence_pl_number) VALUES ('CRR20052', '"8367 Lukken Center, Dallas, 75287"', '9:40:00', '10:01:00', '7-Dec-22', '12.67', 'TEXAS EYV-3944');
INSERT INTO Spring23_S003_4_car_rental_ride (ride_id, pickup_loc, pickup_time, drop_time, car_rent_date, fare, licence_pl_number) VALUES ('CRR20053', '"8367 Lukken Center, Dallas, 75287"', '10:56:00', '21:06:00', '6-Dec-22', '132.97', 'TEXAS EYV-3944');
INSERT INTO Spring23_S003_4_car_rental_ride (ride_id, pickup_loc, pickup_time, drop_time, car_rent_date, fare, licence_pl_number) VALUES ('CRR20054', '"724 Linden Crossing, Dallas, 75387"', '9:24:00', '14:00:00', '3-Sep-22', '87.98', 'TEXAS DTF-8943');
INSERT INTO Spring23_S003_4_car_rental_ride (ride_id, pickup_loc, pickup_time, drop_time, car_rent_date, fare, licence_pl_number) VALUES ('CRR20055', '"02 Scofield Trail, El Paso, 79999"', '12:58:00', '23:42:00', '20-Mar-23', '143.78', 'TEXAS TEA-1177');
INSERT INTO Spring23_S003_4_car_rental_ride (ride_id, pickup_loc, pickup_time, drop_time, car_rent_date, fare, licence_pl_number) VALUES ('CRR20056', '"0 Hanover Alley, Gatesville, 76598"', '6:18:00', '14:30:00', '22-Dec-22', '124.65', 'TEXAS QBQ-490');
INSERT INTO Spring23_S003_4_car_rental_ride (ride_id, pickup_loc, pickup_time, drop_time, car_rent_date, fare, licence_pl_number) VALUES ('CRR20057', '"3 West Hill, El Paso, 79945"', '20:00:00', '23:03:00', '6-Nov-22', '68.68', 'TEXAS ZBX-825');
INSERT INTO Spring23_S003_4_car_rental_ride (ride_id, pickup_loc, pickup_time, drop_time, car_rent_date, fare, licence_pl_number) VALUES ('CRR20058', '"9451 Hoffman Place, Houston, 77228"', '20:26:00', '23:48:00', '22-Jun-22', '54.90', 'TEXAS TSE-8869');
INSERT INTO Spring23_S003_4_car_rental_ride (ride_id, pickup_loc, pickup_time, drop_time, car_rent_date, fare, licence_pl_number) VALUES ('CRR20059', '"82906 Anzinger Park, Dallas, 75310"', '10:36:00', '19:26:00', '22-Oct-22', '78.97', 'TEXAS VCH-4873');
INSERT INTO Spring23_S003_4_car_rental_ride (ride_id, pickup_loc, pickup_time, drop_time, car_rent_date, fare, licence_pl_number) VALUES ('CRR20060', '"09376 Sunfield Way, Midland, 79710"', '8:45:00', '19:37:00', '18-May-22', '128.90', 'TEXAS GBF-8878');
INSERT INTO Spring23_S003_4_car_rental_ride (ride_id, pickup_loc, pickup_time, drop_time, car_rent_date, fare, licence_pl_number) VALUES ('CRR20061', '"3 West Hill, El Paso, 79945"', '3:25:00', '10:29:00', '19-Oct-22', '87.09', 'TEXAS ZBX-825');
INSERT INTO Spring23_S003_4_car_rental_ride (ride_id, pickup_loc, pickup_time, drop_time, car_rent_date, fare, licence_pl_number) VALUES ('CRR20062', '"7687 Rigney Trail, Tyler, 75799"', '9:00:00', '17:26:00', '24-Oct-22', '111.87', 'TEXAS NUA-2805');
INSERT INTO Spring23_S003_4_car_rental_ride (ride_id, pickup_loc, pickup_time, drop_time, car_rent_date, fare, licence_pl_number) VALUES ('CRR20063', '"8906 Independence Place, Austin, 78732"', '10:47:00', '16:28:00', '15-Oct-22', '89.95', 'TEXAS OBB-7708');
INSERT INTO Spring23_S003_4_car_rental_ride (ride_id, pickup_loc, pickup_time, drop_time, car_rent_date, fare, licence_pl_number) VALUES ('CRR20064', '"1789 Northport Plaza, Conroe, 77305"', '14:57:00', '23:14:00', '29-Apr-23', '34.98', 'TEXAS PHM-174');
INSERT INTO Spring23_S003_4_car_rental_ride (ride_id, pickup_loc, pickup_time, drop_time, car_rent_date, fare, licence_pl_number) VALUES ('CRR20065', '"8 Blackbird Hill, Bryan, 77806"', '7:49:00', '16:05:00', '20-Jun-22', '129.09', 'TEXAS LCR-5661');
INSERT INTO Spring23_S003_4_car_rental_ride (ride_id, pickup_loc, pickup_time, drop_time, car_rent_date, fare, licence_pl_number) VALUES ('CRR20066', '"54 Novick Way, Fort Worth, 76105"', '12:06:00', '23:19:00', '17-Dec-22', '139.09', 'TEXAS ORK-2305');
INSERT INTO Spring23_S003_4_car_rental_ride (ride_id, pickup_loc, pickup_time, drop_time, car_rent_date, fare, licence_pl_number) VALUES ('CRR20067', '"68733 Twin Pines Lane, Houston, 77045"', '10:06:00', '18:58:00', '29-Aug-22', '70.09', 'TEXAS AJM-3803');
INSERT INTO Spring23_S003_4_car_rental_ride (ride_id, pickup_loc, pickup_time, drop_time, car_rent_date, fare, licence_pl_number) VALUES ('CRR20068', '"3 Lillian Hill Dallas, 75387"', '11:57:00', '22:37:00', '1-Dec-22', '143.09', 'TEXAS EYV-3944');
INSERT INTO Spring23_S003_4_car_rental_ride (ride_id, pickup_loc, pickup_time, drop_time, car_rent_date, fare, licence_pl_number) VALUES ('CRR20069', '"6145 Pierstorff Center, El Paso, 88574"', '4:17:00', '17:39:00', '15-Apr-23', '167.09', 'TEXAS LAM-5756');




---11---
INSERT INTO Spring23_S003_4_payment_record (pay_id, pay_time, pay_date, amt_received, amt_paid, amt_received_from, amt_paid_to, cpo_id, renter_id, cro_id) VALUES ('PAY001', '6:25:00', '6-Jun-2022', '59.7', '44.78', 'Renaldo Smallthwaite', 'Cristiano Whenham', 'CPO1002', '', '');
INSERT INTO Spring23_S003_4_payment_record (pay_id, pay_time, pay_date, amt_received, amt_paid, amt_received_from, amt_paid_to, cpo_id, renter_id, cro_id) VALUES ('PAY002', '11:54:00', '21-Feb-2023', '65.7', '49.28', 'Boycie Pitbladdo', 'Nat Dono', 'CPO10015', '', '');
INSERT INTO Spring23_S003_4_payment_record (pay_id, pay_time, pay_date, amt_received, amt_paid, amt_received_from, amt_paid_to, cpo_id, renter_id, cro_id) VALUES ('PAY003', '22:37:00', '1-Dec-22', '143.09', '107.32', 'Mercy Le Friec', 'Brianna Eastwood', '', 'CR1001', 'CRO1003');
INSERT INTO Spring23_S003_4_payment_record (pay_id, pay_time, pay_date, amt_received, amt_paid, amt_received_from, amt_paid_to, cpo_id, renter_id, cro_id) VALUES ('PAY004', '22:22:00', '27-Jul-2022', '47.06', '35.3', 'Clare Brewer', 'Margarethe Foucher', 'CPO1005', '', '');
INSERT INTO Spring23_S003_4_payment_record (pay_id, pay_time, pay_date, amt_received, amt_paid, amt_received_from, amt_paid_to, cpo_id, renter_id, cro_id) VALUES ('PAY005', '10:29:00', '19-Oct-22', '87.09', '65.32', 'Torr Childerhouse', 'Lenee Wombwell', '', 'CR10013', 'CRO10011');
INSERT INTO Spring23_S003_4_payment_record (pay_id, pay_time, pay_date, amt_received, amt_paid, amt_received_from, amt_paid_to, cpo_id, renter_id, cro_id) VALUES ('PAY006', '3:13:00', '9-Jul-2022', '47.7', '35.78', 'Celestine Hargitt', 'Enoch Pomery', 'CPO1002', '', '');
INSERT INTO Spring23_S003_4_payment_record (pay_id, pay_time, pay_date, amt_received, amt_paid, amt_received_from, amt_paid_to, cpo_id, renter_id, cro_id) VALUES ('PAY007', '16:28:00', '15-Oct-22', '89.95', '67.46', 'Jeanette Knapton', 'Kalli Darco', '', 'CR1003', 'CRO10026');
INSERT INTO Spring23_S003_4_payment_record (pay_id, pay_time, pay_date, amt_received, amt_paid, amt_received_from, amt_paid_to, cpo_id, renter_id, cro_id) VALUES ('PAY008', '14:23:00', '8-Feb-2023', '70.02', '52.52', 'Heywood Book', 'Stormi Anstead', 'CPO10049', '', '');
INSERT INTO Spring23_S003_4_payment_record (pay_id, pay_time, pay_date, amt_received, amt_paid, amt_received_from, amt_paid_to, cpo_id, renter_id, cro_id) VALUES ('PAY009', '21:44:00', '3-Mar-2022', '75.97', '56.98', 'Evangelina Sharpley', 'Gina Gregoire', '', 'CR10019', 'CRO1001');
INSERT INTO Spring23_S003_4_payment_record (pay_id, pay_time, pay_date, amt_received, amt_paid, amt_received_from, amt_paid_to, cpo_id, renter_id, cro_id) VALUES ('PAY0010', '18:15:00', '8-Jun-2022', '20.72', '15.54', 'Cordey Petow', 'Ertha Meere', 'CPO10015', '', '');
INSERT INTO Spring23_S003_4_payment_record (pay_id, pay_time, pay_date, amt_received, amt_paid, amt_received_from, amt_paid_to, cpo_id, renter_id, cro_id) VALUES ('PAY0011', '19:21:00', '22-Apr-23', '137.78', '103.34', 'Randy Laurie', 'Clarinda Ratie', '', 'CR10025', 'CRO10031');
INSERT INTO Spring23_S003_4_payment_record (pay_id, pay_time, pay_date, amt_received, amt_paid, amt_received_from, amt_paid_to, cpo_id, renter_id, cro_id) VALUES ('PAY0012', '0:53:00', '8-Jan-2023', '51.78', '38.84', 'Porter Springtorpe', 'Winnah Dowzell', 'CPO1005', '', '');
INSERT INTO Spring23_S003_4_payment_record (pay_id, pay_time, pay_date, amt_received, amt_paid, amt_received_from, amt_paid_to, cpo_id, renter_id, cro_id) VALUES ('PAY0013', '18:12:00', '1-Sep-2022', '103.70', '77.78', 'Lindy Dutnell', 'Greta Gun', '', 'CR10027', 'CRO10045');
INSERT INTO Spring23_S003_4_payment_record (pay_id, pay_time, pay_date, amt_received, amt_paid, amt_received_from, amt_paid_to, cpo_id, renter_id, cro_id) VALUES ('PAY0014', '10:06:00', '19-Nov-2022', '37.46', '28.1', 'Ethelin Nickols', 'Antonetta Hovington', 'CPO1002', '', '');
INSERT INTO Spring23_S003_4_payment_record (pay_id, pay_time, pay_date, amt_received, amt_paid, amt_received_from, amt_paid_to, cpo_id, renter_id, cro_id) VALUES ('PAY0015', '13:12:00', '18-Apr-2022', '45.03', '33.77', 'Selie Scutter', 'Lamond Hallgath', 'CPO10043', '', '');
INSERT INTO Spring23_S003_4_payment_record (pay_id, pay_time, pay_date, amt_received, amt_paid, amt_received_from, amt_paid_to, cpo_id, renter_id, cro_id) VALUES ('PAY0016', '18:40:00', '22-Nov-22', '68.09', '51.07', 'Anet Spittall', 'James Foxley', '', 'CR1003', 'CRO10050');
INSERT INTO Spring23_S003_4_payment_record (pay_id, pay_time, pay_date, amt_received, amt_paid, amt_received_from, amt_paid_to, cpo_id, renter_id, cro_id) VALUES ('PAY0017', '23:28:00', '2-Nov-22', '43.67', '32.75', 'Lawton Beeckx', 'Fae Foakes', '', 'CR10027', 'CRO10063');
INSERT INTO Spring23_S003_4_payment_record (pay_id, pay_time, pay_date, amt_received, amt_paid, amt_received_from, amt_paid_to, cpo_id, renter_id, cro_id) VALUES ('PAY0018', '23:52:00', '19-Jun-2022', '33.84', '25.38', 'Chico Lesmonde', 'Farlay Body', 'CPO1008', '', '');
INSERT INTO Spring23_S003_4_payment_record (pay_id, pay_time, pay_date, amt_received, amt_paid, amt_received_from, amt_paid_to, cpo_id, renter_id, cro_id) VALUES ('PAY0019', '20:35:00', '22-Oct-2022', '45.67', '34.25', 'Doroteya Darycott', 'Nissa Van Geffen', '', 'CR10047', 'CRO10019');
INSERT INTO Spring23_S003_4_payment_record (pay_id, pay_time, pay_date, amt_received, amt_paid, amt_received_from, amt_paid_to, cpo_id, renter_id, cro_id) VALUES ('PAY0020', '21:06:00', '6-Dec-22', '132.97', '99.73', 'Ernesta Carnie', 'Roxanne Burel', '', 'CR10058', 'CRO10084');
INSERT INTO Spring23_S003_4_payment_record (pay_id, pay_time, pay_date, amt_received, amt_paid, amt_received_from, amt_paid_to, cpo_id, renter_id, cro_id) VALUES ('PAY0021', '9:26:00', '30-Oct-2022', '22.56', '16.92', 'Temple Dwine', 'Lemuel Leyland', 'CPO10043', '', '');
INSERT INTO Spring23_S003_4_payment_record (pay_id, pay_time, pay_date, amt_received, amt_paid, amt_received_from, amt_paid_to, cpo_id, renter_id, cro_id) VALUES ('PAY0022', '22:10:00', '4-Apr-2023', '30.12', '22.59', 'Donni Degue', 'Oby Rau', 'CPO10014', '', '');
INSERT INTO Spring23_S003_4_payment_record (pay_id, pay_time, pay_date, amt_received, amt_paid, amt_received_from, amt_paid_to, cpo_id, renter_id, cro_id) VALUES ('PAY0023', '4:51:00', '30-Apr-2022', '34.00', '25.5', 'Rice Pickerell', 'Arlie Lauderdale', '', 'CR10047', 'CRO10011');
INSERT INTO Spring23_S003_4_payment_record (pay_id, pay_time, pay_date, amt_received, amt_paid, amt_received_from, amt_paid_to, cpo_id, renter_id, cro_id) VALUES ('PAY0024', '2:54:00', '13-Aug-2022', '24.33', '18.25', 'Charmian Felton', 'Gino Pieroni', 'CPO1008', '', '');
INSERT INTO Spring23_S003_4_payment_record (pay_id, pay_time, pay_date, amt_received, amt_paid, amt_received_from, amt_paid_to, cpo_id, renter_id, cro_id) VALUES ('PAY0025', '17:54:00', '20-Jun-22', '76.00', '57', 'Herold Ramas', 'Gilberta Yosselevitch', '', 'CR10051', 'CRO10066');
INSERT INTO Spring23_S003_4_payment_record (pay_id, pay_time, pay_date, amt_received, amt_paid, amt_received_from, amt_paid_to, cpo_id, renter_id, cro_id) VALUES ('PAY0026', '19:01:00', '10-Jul-2022', '74.25', '55.69', 'Lisette Steels', 'Alfie Carn', 'CPO10049', '', '');
INSERT INTO Spring23_S003_4_payment_record (pay_id, pay_time, pay_date, amt_received, amt_paid, amt_received_from, amt_paid_to, cpo_id, renter_id, cro_id) VALUES ('PAY0027', '16:05:00', '20-Jun-22', '129.09', '96.82', 'Nikola Tuny', 'Adler Cornilleau', '', 'CR10058', 'CRO10045');
INSERT INTO Spring23_S003_4_payment_record (pay_id, pay_time, pay_date, amt_received, amt_paid, amt_received_from, amt_paid_to, cpo_id, renter_id, cro_id) VALUES ('PAY0028', '8:58:00', '28-Sep-2022', '36.68', '27.51', 'Corabel Winchcum', 'Devon Ead', 'CPO1002', '', '');
INSERT INTO Spring23_S003_4_payment_record (pay_id, pay_time, pay_date, amt_received, amt_paid, amt_received_from, amt_paid_to, cpo_id, renter_id, cro_id) VALUES ('PAY0029', '18:53:00', '15-Nov-22', '153.80', '115.35', 'Minette Roddan', 'Ron McMurdo', '', 'CR1006', 'CRO10031');
INSERT INTO Spring23_S003_4_payment_record (pay_id, pay_time, pay_date, amt_received, amt_paid, amt_received_from, amt_paid_to, cpo_id, renter_id, cro_id) VALUES ('PAY0030', '22:42:00', '3-Feb-2023', '74.73', '56.05', 'Fara Hirsthouse', 'Kendrick Ferne', 'CPO10014', '', '');
INSERT INTO Spring23_S003_4_payment_record (pay_id, pay_time, pay_date, amt_received, amt_paid, amt_received_from, amt_paid_to, cpo_id, renter_id, cro_id) VALUES ('PAY0031', '23:32:00', '17-Oct-22', '27.45', '20.59', 'Seymour Durnan', 'Reginauld Milliere', '', 'CR10027', 'CRO1003');
INSERT INTO Spring23_S003_4_payment_record (pay_id, pay_time, pay_date, amt_received, amt_paid, amt_received_from, amt_paid_to, cpo_id, renter_id, cro_id) VALUES ('PAY0032', '22:49:00', '25-Jul-22', '87.34', '65.51', 'Kat Keenlayside', 'Merrill Mumford', '', 'CR10043', 'CRO10034');
INSERT INTO Spring23_S003_4_payment_record (pay_id, pay_time, pay_date, amt_received, amt_paid, amt_received_from, amt_paid_to, cpo_id, renter_id, cro_id) VALUES ('PAY0033', '21:51:00', '17-Aug-2022', '17.08', '12.81', 'Aurelie Sleightholm', 'Iseabal Case', 'CPO10015', '', '');
INSERT INTO Spring23_S003_4_payment_record (pay_id, pay_time, pay_date, amt_received, amt_paid, amt_received_from, amt_paid_to, cpo_id, renter_id, cro_id) VALUES ('PAY0034', '22:54:00', '18-Oct-22', '100.67', '75.5', 'Fayette Stranaghan', 'Dennet O Donovan', '', 'CR1006', 'CRO10062');
INSERT INTO Spring23_S003_4_payment_record (pay_id, pay_time, pay_date, amt_received, amt_paid, amt_received_from, amt_paid_to, cpo_id, renter_id, cro_id) VALUES ('PAY0035', '23:28:00', '17-Dec-22', '25.67', '19.25', 'Ives Porcher', 'Nonna Verdie', '', 'CR10032', 'CRO10045');
INSERT INTO Spring23_S003_4_payment_record (pay_id, pay_time, pay_date, amt_received, amt_paid, amt_received_from, amt_paid_to, cpo_id, renter_id, cro_id) VALUES ('PAY0036', '23:48:00', '22-Jun-22', '54.90', '41.18', 'Giffard Keyser', 'Keri Gillow', '', 'CR10012', 'CRO1009');
INSERT INTO Spring23_S003_4_payment_record (pay_id, pay_time, pay_date, amt_received, amt_paid, amt_received_from, amt_paid_to, cpo_id, renter_id, cro_id) VALUES ('PAY0037', '17:47:00', '17-Jan-2023', '38.56', '28.92', 'Galvin Kaser', 'Consuelo Bigglestone', 'CPO10051', '', '');
INSERT INTO Spring23_S003_4_payment_record (pay_id, pay_time, pay_date, amt_received, amt_paid, amt_received_from, amt_paid_to, cpo_id, renter_id, cro_id) VALUES ('PAY0038', '15:18:00', '29-Aug-2022', '45.87', '34.4', 'Editha Beckenham', 'Travis Saipy', '', 'CR1005', 'CRO10085');
INSERT INTO Spring23_S003_4_payment_record (pay_id, pay_time, pay_date, amt_received, amt_paid, amt_received_from, amt_paid_to, cpo_id, renter_id, cro_id) VALUES ('PAY0039', '14:56:00', '19-May-2022', '60.63', '45.47', 'Kimberlyn Roxbrough', 'Amble Dubery', 'CPO10036', '', '');
INSERT INTO Spring23_S003_4_payment_record (pay_id, pay_time, pay_date, amt_received, amt_paid, amt_received_from, amt_paid_to, cpo_id, renter_id, cro_id) VALUES ('PAY0040', '18:19:00', '15-Dec-2022', '12.21', '9.16', 'Monica Lemmens', 'Rodger Brimson', 'CPO10018', '', '');
INSERT INTO Spring23_S003_4_payment_record (pay_id, pay_time, pay_date, amt_received, amt_paid, amt_received_from, amt_paid_to, cpo_id, renter_id, cro_id) VALUES ('PAY0041', '20:24:00', '8-Jun-22', '123.67', '92.75', 'Cornelia Grisbrook', 'Rossy Lambin', '', 'CR10032', 'CRO10034');
INSERT INTO Spring23_S003_4_payment_record (pay_id, pay_time, pay_date, amt_received, amt_paid, amt_received_from, amt_paid_to, cpo_id, renter_id, cro_id) VALUES ('PAY0042', '4:54:00', '21-Nov-2022', '36.51', '27.38', 'Roxy Stanbro', 'Donn Toupe', 'CPO10043', '', '');
INSERT INTO Spring23_S003_4_payment_record (pay_id, pay_time, pay_date, amt_received, amt_paid, amt_received_from, amt_paid_to, cpo_id, renter_id, cro_id) VALUES ('PAY0043', '5:30:00', '9-Dec-2022', '49.53', '37.15', 'Aurora Stanlake', 'Kandace Wibrew', 'CPO10015', '', '');
INSERT INTO Spring23_S003_4_payment_record (pay_id, pay_time, pay_date, amt_received, amt_paid, amt_received_from, amt_paid_to, cpo_id, renter_id, cro_id) VALUES ('PAY0044', '10:32:00', '30-Apr-23', '60.70', '45.53', 'Gizela Byers', 'Perice Sherwill', '', 'CR10010', 'CRO10062');
INSERT INTO Spring23_S003_4_payment_record (pay_id, pay_time, pay_date, amt_received, amt_paid, amt_received_from, amt_paid_to, cpo_id, renter_id, cro_id) VALUES ('PAY0045', '18:41:00', '23-Jun-2022', '67.89', '50.92', 'Earle Bohills', 'Petronilla Chilley', '', 'CR10032', 'CRO10016');
INSERT INTO Spring23_S003_4_payment_record (pay_id, pay_time, pay_date, amt_received, amt_paid, amt_received_from, amt_paid_to, cpo_id, renter_id, cro_id) VALUES ('PAY0046', '17:10:00', '16-Aug-22', '33.67', '25.25', 'Eldredge Abrahams', 'Ambros Jacombs', '', 'CR10040', '');
INSERT INTO Spring23_S003_4_payment_record (pay_id, pay_time, pay_date, amt_received, amt_paid, amt_received_from, amt_paid_to, cpo_id, renter_id, cro_id) VALUES ('PAY0047', '13:21:00', '28-Aug-2022', '30.78', '23.09', 'Katie Faber', 'Prentiss Stockney', 'CPO1002', '', '');
INSERT INTO Spring23_S003_4_payment_record (pay_id, pay_time, pay_date, amt_received, amt_paid, amt_received_from, amt_paid_to, cpo_id, renter_id, cro_id) VALUES ('PAY0048', '18:27:00', '19-Apr-23', '23.67', '17.75', 'Stephani Carleton', 'Lyssa Masterman', '', 'CR10010', 'CRO10063');
INSERT INTO Spring23_S003_4_payment_record (pay_id, pay_time, pay_date, amt_received, amt_paid, amt_received_from, amt_paid_to, cpo_id, renter_id, cro_id) VALUES ('PAY0049', '18:58:00', '29-Aug-22', '70.09', '52.57', 'Hanni Deathe', 'Cob Moret', '', 'CR10016', 'CRO10050');
INSERT INTO Spring23_S003_4_payment_record (pay_id, pay_time, pay_date, amt_received, amt_paid, amt_received_from, amt_paid_to, cpo_id, renter_id, cro_id) VALUES ('PAY0050', '16:13:00', '25-Sep-2022', '47.82', '35.87', 'Jess Lamperd', 'Gar Brentnall', 'CPO10033', '', '');
INSERT INTO Spring23_S003_4_payment_record (pay_id, pay_time, pay_date, amt_received, amt_paid, amt_received_from, amt_paid_to, cpo_id, renter_id, cro_id) VALUES ('PAY0051', '18:00:00', '17-Apr-2023', '95.34', '71.51', 'Pasquale Risdall', 'Linnell Alliston', '', 'CR10045', 'CRO10019');
INSERT INTO Spring23_S003_4_payment_record (pay_id, pay_time, pay_date, amt_received, amt_paid, amt_received_from, amt_paid_to, cpo_id, renter_id, cro_id) VALUES ('PAY0052', '12:33:00', '20-Dec-22', '72.56', '54.42', 'Sofie Sebire', 'Gerri Lockey', '', 'CR10040', 'CRO10085');
INSERT INTO Spring23_S003_4_payment_record (pay_id, pay_time, pay_date, amt_received, amt_paid, amt_received_from, amt_paid_to, cpo_id, renter_id, cro_id) VALUES ('PAY0053', '1:54:00', '25-May-2022', '36.78', '27.59', 'Marne Venmore', 'Micaela Dany', 'CPO10031', '', '');
INSERT INTO Spring23_S003_4_payment_record (pay_id, pay_time, pay_date, amt_received, amt_paid, amt_received_from, amt_paid_to, cpo_id, renter_id, cro_id) VALUES ('PAY0054', '22:05:00', '3-Jan-23', '33.67', '25.25', 'Rey Mathy', 'Waldon Jeppe', '', 'CR10022', 'CRO10022');
INSERT INTO Spring23_S003_4_payment_record (pay_id, pay_time, pay_date, amt_received, amt_paid, amt_received_from, amt_paid_to, cpo_id, renter_id, cro_id) VALUES ('PAY0055', '23:50:00', '29-Aug-22', '12.67', '9.5', 'Casey Ellcome', 'Olga Pegden', '', 'CR10034', 'CRO10081');
INSERT INTO Spring23_S003_4_payment_record (pay_id, pay_time, pay_date, amt_received, amt_paid, amt_received_from, amt_paid_to, cpo_id, renter_id, cro_id) VALUES ('PAY0056', '23:16:00', '20-Jun-2022', '78.00', '58.5', 'Katey Cairns', 'Raviv Raspison', '', 'CR10032', 'CRO1009');
INSERT INTO Spring23_S003_4_payment_record (pay_id, pay_time, pay_date, amt_received, amt_paid, amt_received_from, amt_paid_to, cpo_id, renter_id, cro_id) VALUES ('PAY0057', '3:06:00', '26-Apr-2022', '69.24', '51.93', 'Mateo Karleman', 'Pablo Brunner', 'CPO10018', '', '');
INSERT INTO Spring23_S003_4_payment_record (pay_id, pay_time, pay_date, amt_received, amt_paid, amt_received_from, amt_paid_to, cpo_id, renter_id, cro_id) VALUES ('PAY0058', '17:55:00', '7-Jul-2022', '14.34', '10.76', 'Guillema Shellum', 'Raphaela Ricketts', 'CPO10043', '', '');
INSERT INTO Spring23_S003_4_payment_record (pay_id, pay_time, pay_date, amt_received, amt_paid, amt_received_from, amt_paid_to, cpo_id, renter_id, cro_id) VALUES ('PAY0059', '15:47:00', '11-Sep-2022', '38.02', '28.52', 'Noak Clemetts', 'Peirce Ferroni', 'CPO10031', '', '');
INSERT INTO Spring23_S003_4_payment_record (pay_id, pay_time, pay_date, amt_received, amt_paid, amt_received_from, amt_paid_to, cpo_id, renter_id, cro_id) VALUES ('PAY0060', '19:37:00', '18-May-22', '128.90', '96.68', 'Marabel Maden', 'Dorisa Hatherleigh', '', 'CR10034', 'CRO10063');
INSERT INTO Spring23_S003_4_payment_record (pay_id, pay_time, pay_date, amt_received, amt_paid, amt_received_from, amt_paid_to, cpo_id, renter_id, cro_id) VALUES ('PAY0061', '18:40:00', '12-May-2022', '32.13', '24.1', 'Roscoe Alf', 'Kellia Wheelband', 'CPO10023', '', '');
INSERT INTO Spring23_S003_4_payment_record (pay_id, pay_time, pay_date, amt_received, amt_paid, amt_received_from, amt_paid_to, cpo_id, renter_id, cro_id) VALUES ('PAY0062', '22:46:00', '24-Aug-2022', '21.22', '15.92', 'Jami Jerche', 'Tanhya Kleinplatz', '', 'CR10012', 'CRO1006');
INSERT INTO Spring23_S003_4_payment_record (pay_id, pay_time, pay_date, amt_received, amt_paid, amt_received_from, amt_paid_to, cpo_id, renter_id, cro_id) VALUES ('PAY0063', '4:29:00', '4-Dec-2022', '29.16', '21.87', 'Franny Lemmanbie', 'Victor Bleckly', 'CPO10015', '', '');
INSERT INTO Spring23_S003_4_payment_record (pay_id, pay_time, pay_date, amt_received, amt_paid, amt_received_from, amt_paid_to, cpo_id, renter_id, cro_id) VALUES ('PAY0064', '21:49:00', '23-Apr-2023', '154.67', '116', 'Markos Kiraly', 'Fredra Absolem', '', 'CR10013', 'CRO10064');
INSERT INTO Spring23_S003_4_payment_record (pay_id, pay_time, pay_date, amt_received, amt_paid, amt_received_from, amt_paid_to, cpo_id, renter_id, cro_id) VALUES ('PAY0065', '14:00:00', '3-Sep-22', '87.98', '65.99', 'Guillema Boole', 'Latia Boulds', '', 'CR10037', 'CRO10026');
INSERT INTO Spring23_S003_4_payment_record (pay_id, pay_time, pay_date, amt_received, amt_paid, amt_received_from, amt_paid_to, cpo_id, renter_id, cro_id) VALUES ('PAY0066', '8:14:00', '10-Jun-2022', '37.94', '28.46', 'Cello Schonfelder', 'Tatiania Verne', 'CPO10047', '', '');
INSERT INTO Spring23_S003_4_payment_record (pay_id, pay_time, pay_date, amt_received, amt_paid, amt_received_from, amt_paid_to, cpo_id, renter_id, cro_id) VALUES ('PAY0067', '23:53:00', '30-Apr-23', '134.09', '100.57', 'Meier Fuxman', 'Alaine Bolliver', '', 'CR10022', 'CRO10071');
INSERT INTO Spring23_S003_4_payment_record (pay_id, pay_time, pay_date, amt_received, amt_paid, amt_received_from, amt_paid_to, cpo_id, renter_id, cro_id) VALUES ('PAY0068', '4:29:00', '24-Mar-2023', '39.72', '29.79', 'Sigvard Trevear', 'Bevan Massenhove', 'CPO10017', '', '');
INSERT INTO Spring23_S003_4_payment_record (pay_id, pay_time, pay_date, amt_received, amt_paid, amt_received_from, amt_paid_to, cpo_id, renter_id, cro_id) VALUES ('PAY0069', '23:59:00', '3-May-22', '33.00', '24.75', 'Bryna Parkeson', 'Janaye Tattershall', '', 'CR1007', 'CRO10034');
INSERT INTO Spring23_S003_4_payment_record (pay_id, pay_time, pay_date, amt_received, amt_paid, amt_received_from, amt_paid_to, cpo_id, renter_id, cro_id) VALUES ('PAY0070', '3:48:00', '14-Apr-2023', '59.61', '44.71', 'Rhys Hamly', 'Binky Connick', 'CPO10043', '', '');
INSERT INTO Spring23_S003_4_payment_record (pay_id, pay_time, pay_date, amt_received, amt_paid, amt_received_from, amt_paid_to, cpo_id, renter_id, cro_id) VALUES ('PAY0071', '12:57:00', '17-Mar-23', '69.09', '51.82', 'Bethany Issard', 'Naomi Swainston', '', 'CR10037', 'CRO10016');
INSERT INTO Spring23_S003_4_payment_record (pay_id, pay_time, pay_date, amt_received, amt_paid, amt_received_from, amt_paid_to, cpo_id, renter_id, cro_id) VALUES ('PAY0072', '23:28:00', '13-Oct-2022', '56.64', '42.48', 'Sully Lound', 'Lea Bruhke', '', 'CR10013', 'CRO10071');
INSERT INTO Spring23_S003_4_payment_record (pay_id, pay_time, pay_date, amt_received, amt_paid, amt_received_from, amt_paid_to, cpo_id, renter_id, cro_id) VALUES ('PAY0073', '6:29:00', '27-Nov-2022', '20.87', '15.65', 'Katharyn Pirson', 'Nanete OCrevy', 'CPO10047', '', '');
INSERT INTO Spring23_S003_4_payment_record (pay_id, pay_time, pay_date, amt_received, amt_paid, amt_received_from, amt_paid_to, cpo_id, renter_id, cro_id) VALUES ('PAY0074', '14:30:00', '22-Dec-22', '124.65', '93.49', 'Hailey Wermerling', 'Carolin Allawy', '', 'CR1003', 'CRO10064');
INSERT INTO Spring23_S003_4_payment_record (pay_id, pay_time, pay_date, amt_received, amt_paid, amt_received_from, amt_paid_to, cpo_id, renter_id, cro_id) VALUES ('PAY0075', '10:19:00', '3-Mar-2023', '34.46', '25.85', 'Mirabelle Chstney', 'Annamaria Mitten', 'CPO10031', '', '');
INSERT INTO Spring23_S003_4_payment_record (pay_id, pay_time, pay_date, amt_received, amt_paid, amt_received_from, amt_paid_to, cpo_id, renter_id, cro_id) VALUES ('PAY0076', '22:21:00', '19-Sep-2022', '41.6', '31.2', 'Tamarah Havoc', 'Felita Griffey', 'CPO10018', '', '');
INSERT INTO Spring23_S003_4_payment_record (pay_id, pay_time, pay_date, amt_received, amt_paid, amt_received_from, amt_paid_to, cpo_id, renter_id, cro_id) VALUES ('PAY0077', '13:47:00', '8-May-22', '45.09', '33.82', 'Jaynell Labba', 'Josiah Potteril', '', 'CR10045', 'CRO10080');
INSERT INTO Spring23_S003_4_payment_record (pay_id, pay_time, pay_date, amt_received, amt_paid, amt_received_from, amt_paid_to, cpo_id, renter_id, cro_id) VALUES ('PAY0078', '13:43:00', '21-Sep-2022', '29.38', '22.04', 'Sheila-kathryn Withey', 'Godfree Revely', 'CPO1002', '', '');
INSERT INTO Spring23_S003_4_payment_record (pay_id, pay_time, pay_date, amt_received, amt_paid, amt_received_from, amt_paid_to, cpo_id, renter_id, cro_id) VALUES ('PAY0079', '18:20:00', '4-Oct-2022', '41.62', '31.22', 'Kellsie Paylor', 'Latia Brickett', 'CPO10019', '', '');
INSERT INTO Spring23_S003_4_payment_record (pay_id, pay_time, pay_date, amt_received, amt_paid, amt_received_from, amt_paid_to, cpo_id, renter_id, cro_id) VALUES ('PAY0080', '23:03:00', '6-Nov-22', '68.68', '51.51', 'Corrianne Genese', 'Lanna Bouts', '', 'CR1003', 'CRO10022');
INSERT INTO Spring23_S003_4_payment_record (pay_id, pay_time, pay_date, amt_received, amt_paid, amt_received_from, amt_paid_to, cpo_id, renter_id, cro_id) VALUES ('PAY0081', '11:50:00', '11-Nov-2022', '31.41', '23.56', 'Izaak Klarzynski', 'Ynez Balcock', 'CPO10019', '', '');
INSERT INTO Spring23_S003_4_payment_record (pay_id, pay_time, pay_date, amt_received, amt_paid, amt_received_from, amt_paid_to, cpo_id, renter_id, cro_id) VALUES ('PAY0082', '19:32:00', '12-Aug-22', '58.97', '44.23', 'Sandye Reavell', 'Lyman Parker', '', 'CR10043', 'CRO10050');
INSERT INTO Spring23_S003_4_payment_record (pay_id, pay_time, pay_date, amt_received, amt_paid, amt_received_from, amt_paid_to, cpo_id, renter_id, cro_id) VALUES ('PAY0083', '19:25:00', '17-Oct-2022', '41.44', '31.08', 'Aubrie Torregiani', 'Rabbi Korneev', 'CPO1006', '', '');
INSERT INTO Spring23_S003_4_payment_record (pay_id, pay_time, pay_date, amt_received, amt_paid, amt_received_from, amt_paid_to, cpo_id, renter_id, cro_id) VALUES ('PAY0084', '5:10:00', '25-Dec-2022', '35.46', '26.6', 'Frankie Camfield', 'Veronica Guillot', 'CPO10025', '', '');
INSERT INTO Spring23_S003_4_payment_record (pay_id, pay_time, pay_date, amt_received, amt_paid, amt_received_from, amt_paid_to, cpo_id, renter_id, cro_id) VALUES ('PAY0085', '23:42:00', '20-Mar-23', '143.78', '107.84', 'Rafaellle Whightman', 'Felix Iltchev', '', 'CR10016', 'CRO10052');
INSERT INTO Spring23_S003_4_payment_record (pay_id, pay_time, pay_date, amt_received, amt_paid, amt_received_from, amt_paid_to, cpo_id, renter_id, cro_id) VALUES ('PAY0086', '6:13:00', '18-May-2022', '14.33', '10.75', 'Kata Goldes', 'Donaugh Dusting', 'CPO1006', '', '');
INSERT INTO Spring23_S003_4_payment_record (pay_id, pay_time, pay_date, amt_received, amt_paid, amt_received_from, amt_paid_to, cpo_id, renter_id, cro_id) VALUES ('PAY0087', '8:40:00', '16-Feb-2023', '47.74', '35.81', 'Juana Applebee', 'Juliana Clarke', 'CPO10014', '', '');
INSERT INTO Spring23_S003_4_payment_record (pay_id, pay_time, pay_date, amt_received, amt_paid, amt_received_from, amt_paid_to, cpo_id, renter_id, cro_id) VALUES ('PAY0088', '19:20:00', '17-Dec-22', '78.96', '59.22', 'Ode Joncic', 'Nert Bellard', '', 'CR10057', 'CRO10034');
INSERT INTO Spring23_S003_4_payment_record (pay_id, pay_time, pay_date, amt_received, amt_paid, amt_received_from, amt_paid_to, cpo_id, renter_id, cro_id) VALUES ('PAY0089', '20:21:00', '10-Dec-22', '67.89', '50.92', 'Jimmie Woodrooffe', 'Elinor Hamberston', '', 'CR10058', 'CRO10082');
INSERT INTO Spring23_S003_4_payment_record (pay_id, pay_time, pay_date, amt_received, amt_paid, amt_received_from, amt_paid_to, cpo_id, renter_id, cro_id) VALUES ('PAY0090', '3:53:00', '9-Mar-2023', '10.5', '7.88', 'Blithe Towler', 'Ashil Phayre', 'CPO10031', '', '');
INSERT INTO Spring23_S003_4_payment_record (pay_id, pay_time, pay_date, amt_received, amt_paid, amt_received_from, amt_paid_to, cpo_id, renter_id, cro_id) VALUES ('PAY0091', '9:06:00', '3-Jan-2023', '77.89', '58.42', 'Andros Martinovic', 'Lacey Hamerton', '', 'CR10043', 'CRO1002');
INSERT INTO Spring23_S003_4_payment_record (pay_id, pay_time, pay_date, amt_received, amt_paid, amt_received_from, amt_paid_to, cpo_id, renter_id, cro_id) VALUES ('PAY0092', '20:42:00', '12-Apr-2023', '73.68', '55.26', 'Rowe Bischoff', 'Molli Jerdan', 'CPO10033', '', '');
INSERT INTO Spring23_S003_4_payment_record (pay_id, pay_time, pay_date, amt_received, amt_paid, amt_received_from, amt_paid_to, cpo_id, renter_id, cro_id) VALUES ('PAY0093', '17:44:00', '10-Nov-22', '55.78', '41.84', 'Pavla Richly', 'Kitty Tumayan', '', 'CR1003', 'CRO10045');
INSERT INTO Spring23_S003_4_payment_record (pay_id, pay_time, pay_date, amt_received, amt_paid, amt_received_from, amt_paid_to, cpo_id, renter_id, cro_id) VALUES ('PAY0094', '16:28:00', '14-May-2022', '29.54', '22.16', 'Marchelle Wiggett', 'Gerardo Joney', 'CPO10023', '', '');
INSERT INTO Spring23_S003_4_payment_record (pay_id, pay_time, pay_date, amt_received, amt_paid, amt_received_from, amt_paid_to, cpo_id, renter_id, cro_id) VALUES ('PAY0095', '23:19:00', '17-Dec-22', '139.09', '104.32', 'Dov Isgate', 'Fidelio Josephson', '', 'CR10016', 'CRO10084');
INSERT INTO Spring23_S003_4_payment_record (pay_id, pay_time, pay_date, amt_received, amt_paid, amt_received_from, amt_paid_to, cpo_id, renter_id, cro_id) VALUES ('PAY0096', '10:46:00', '14-May-2022', '46.05', '34.54', 'Lanae Deerness', 'Lucho Cregin', 'CPO10032', '', '');
INSERT INTO Spring23_S003_4_payment_record (pay_id, pay_time, pay_date, amt_received, amt_paid, amt_received_from, amt_paid_to, cpo_id, renter_id, cro_id) VALUES ('PAY0097', '16:05:00', '18-Dec-2022', '65.89', '49.42', 'Woodrow Hazel', 'Lexis Grigorescu', '', 'CR1007', 'CRO10022');
INSERT INTO Spring23_S003_4_payment_record (pay_id, pay_time, pay_date, amt_received, amt_paid, amt_received_from, amt_paid_to, cpo_id, renter_id, cro_id) VALUES ('PAY0098', '7:41:00', '26-Nov-2022', '18.98', '14.24', 'Tatiana Frankema', 'Darbee Skippings', 'CPO1002', '', '');
INSERT INTO Spring23_S003_4_payment_record (pay_id, pay_time, pay_date, amt_received, amt_paid, amt_received_from, amt_paid_to, cpo_id, renter_id, cro_id) VALUES ('PAY0099', '23:14:00', '29-Apr-23', '34.98', '26.24', 'Veda McGilroy', 'Gib Lassetter', '', 'CR10034', 'CRO10052');
INSERT INTO Spring23_S003_4_payment_record (pay_id, pay_time, pay_date, amt_received, amt_paid, amt_received_from, amt_paid_to, cpo_id, renter_id, cro_id) VALUES ('PAY00100', '12:51:00', '1-Apr-2023', '32.88', '24.66', 'Fayth Laxton', 'Olin Berceros', 'CPO10033', '', '');
INSERT INTO Spring23_S003_4_payment_record (pay_id, pay_time, pay_date, amt_received, amt_paid, amt_received_from, amt_paid_to, cpo_id, renter_id, cro_id) VALUES ('PAY00101', '17:38:00', '7-Aug-22', '89.67', '67.25', 'Haydon Geldeard', 'Ax Schooley', '', 'CR10027', 'CRO10014');
INSERT INTO Spring23_S003_4_payment_record (pay_id, pay_time, pay_date, amt_received, amt_paid, amt_received_from, amt_paid_to, cpo_id, renter_id, cro_id) VALUES ('PAY00102', '12:30:00', '27-Aug-2022', '52.71', '39.53', 'Tilly Wetherick', 'Audrie Keighley', 'CPO10023', '', '');
INSERT INTO Spring23_S003_4_payment_record (pay_id, pay_time, pay_date, amt_received, amt_paid, amt_received_from, amt_paid_to, cpo_id, renter_id, cro_id) VALUES ('PAY00103', '12:27:00', '31-Dec-22', '48.56', '36.42', 'Davy Cull', 'Kally Dybbe', '', 'CR10039', 'CRO10037');
INSERT INTO Spring23_S003_4_payment_record (pay_id, pay_time, pay_date, amt_received, amt_paid, amt_received_from, amt_paid_to, cpo_id, renter_id, cro_id) VALUES ('PAY00104', '17:39:00', '15-Apr-23', '167.09', '125.32', 'Sancho Vaadeland', 'Mira Dermot', '', 'CR10037', 'CRO10039');
INSERT INTO Spring23_S003_4_payment_record (pay_id, pay_time, pay_date, amt_received, amt_paid, amt_received_from, amt_paid_to, cpo_id, renter_id, cro_id) VALUES ('PAY00105', '19:59:00', '22-Oct-2022', '46.56', '34.92', 'Aeriell Foy', 'Sherline Dunlea', '', 'CR10027', 'CRO10052');
INSERT INTO Spring23_S003_4_payment_record (pay_id, pay_time, pay_date, amt_received, amt_paid, amt_received_from, amt_paid_to, cpo_id, renter_id, cro_id) VALUES ('PAY00106', '0:17:00', '12-Aug-2022', '20.9', '15.68', 'Dorolisa Watmore', 'Kesley Cominello', 'CPO10051', '', '');
INSERT INTO Spring23_S003_4_payment_record (pay_id, pay_time, pay_date, amt_received, amt_paid, amt_received_from, amt_paid_to, cpo_id, renter_id, cro_id) VALUES ('PAY00107', '2:37:00', '19-Aug-2022', '28.94', '21.71', 'Orly Tatershall', 'Earl Larmett', 'CPO10031', '', '');
INSERT INTO Spring23_S003_4_payment_record (pay_id, pay_time, pay_date, amt_received, amt_paid, amt_received_from, amt_paid_to, cpo_id, renter_id, cro_id) VALUES ('PAY00108', '17:50:00', '25-Oct-22', '68.40', '51.3', 'Otho Bryer', 'Val Berrecloth', '', 'CR10039', 'CRO10048');
INSERT INTO Spring23_S003_4_payment_record (pay_id, pay_time, pay_date, amt_received, amt_paid, amt_received_from, amt_paid_to, cpo_id, renter_id, cro_id) VALUES ('PAY00109', '3:27:00', '12-Jun-2022', '40.78', '30.59', 'Erminie Pagin', 'Cammi Kells', 'CPO1003', '', '');
INSERT INTO Spring23_S003_4_payment_record (pay_id, pay_time, pay_date, amt_received, amt_paid, amt_received_from, amt_paid_to, cpo_id, renter_id, cro_id) VALUES ('PAY00110', '19:27:00', '16-Feb-2023', '44.48', '33.36', 'Tallie Clubley', 'Corty McAllen', 'CPO10036', '', '');
INSERT INTO Spring23_S003_4_payment_record (pay_id, pay_time, pay_date, amt_received, amt_paid, amt_received_from, amt_paid_to, cpo_id, renter_id, cro_id) VALUES ('PAY00111', '9:36:00', '24-Jul-2022', '49.35', '37.01', 'Cristobal Haresnape', 'Raphaela Mitcheson', 'CPO10032', '', '');
INSERT INTO Spring23_S003_4_payment_record (pay_id, pay_time, pay_date, amt_received, amt_paid, amt_received_from, amt_paid_to, cpo_id, renter_id, cro_id) VALUES ('PAY00112', '4:46:00', '2-Nov-2022', '42.52', '31.89', 'Brew Bonney', 'Doroteya Lowndesbrough', 'CPO10033', '', '');
INSERT INTO Spring23_S003_4_payment_record (pay_id, pay_time, pay_date, amt_received, amt_paid, amt_received_from, amt_paid_to, cpo_id, renter_id, cro_id) VALUES ('PAY00113', '10:01:00', '7-Dec-22', '12.67', '9.5', 'Micheil Seebright', 'Derwin Badder', '', 'CR10024', 'CRO10039');
INSERT INTO Spring23_S003_4_payment_record (pay_id, pay_time, pay_date, amt_received, amt_paid, amt_received_from, amt_paid_to, cpo_id, renter_id, cro_id) VALUES ('PAY00114', '16:32:00', '20-Jul-2022', '16.29', '12.22', 'Christophorus Tomkinson', 'Pier Beckford', 'CPO10048', '', '');
INSERT INTO Spring23_S003_4_payment_record (pay_id, pay_time, pay_date, amt_received, amt_paid, amt_received_from, amt_paid_to, cpo_id, renter_id, cro_id) VALUES ('PAY00115', '5:11:00', '29-Mar-2022', '44.00', '33', 'Frederic Coogan', 'Krystalle Willows', '', 'CR10051', 'CRO10018');
INSERT INTO Spring23_S003_4_payment_record (pay_id, pay_time, pay_date, amt_received, amt_paid, amt_received_from, amt_paid_to, cpo_id, renter_id, cro_id) VALUES ('PAY00116', '6:32:00', '6-Sep-2022', '36.12', '27.09', 'Bartie Withams', 'Alain Tesyro', 'CPO10046', '', '');
INSERT INTO Spring23_S003_4_payment_record (pay_id, pay_time, pay_date, amt_received, amt_paid, amt_received_from, amt_paid_to, cpo_id, renter_id, cro_id) VALUES ('PAY00117', '7:40:00', '20-Jul-2022', '40.74', '30.56', 'Silas Sitford', 'Claudell Padilla', 'CPO1003', '', '');
INSERT INTO Spring23_S003_4_payment_record (pay_id, pay_time, pay_date, amt_received, amt_paid, amt_received_from, amt_paid_to, cpo_id, renter_id, cro_id) VALUES ('PAY00118', '18:25:00', '7-Jan-23', '70.90', '53.18', 'Carlotta Reddyhoff', 'Richardo Crother', '', 'CR10042', 'CRO10059');
INSERT INTO Spring23_S003_4_payment_record (pay_id, pay_time, pay_date, amt_received, amt_paid, amt_received_from, amt_paid_to, cpo_id, renter_id, cro_id) VALUES ('PAY00119', '7:07:00', '27-Nov-22', '36.56', '27.42', 'Magdaia Errigo', 'Josselyn Scott', '', 'CR10024', 'CRO10018');
INSERT INTO Spring23_S003_4_payment_record (pay_id, pay_time, pay_date, amt_received, amt_paid, amt_received_from, amt_paid_to, cpo_id, renter_id, cro_id) VALUES ('PAY00120', '4:39:00', '17-Feb-2023', '47.1', '35.33', 'Roxane Coley', 'Pier Godman', 'CPO10024', '', '');
INSERT INTO Spring23_S003_4_payment_record (pay_id, pay_time, pay_date, amt_received, amt_paid, amt_received_from, amt_paid_to, cpo_id, renter_id, cro_id) VALUES ('PAY00121', '19:55:00', '29-Nov-22', '78.09', '58.57', 'Elwyn Franzonetti', 'Nancey Trowbridge', '', 'CR10043', 'CRO10068');
INSERT INTO Spring23_S003_4_payment_record (pay_id, pay_time, pay_date, amt_received, amt_paid, amt_received_from, amt_paid_to, cpo_id, renter_id, cro_id) VALUES ('PAY00122', '5:11:00', '29-Mar-2022', '44.00', '33', 'Crystal Hurling', 'Nani McQuilkin', '', 'CR10051', 'CRO10014');
INSERT INTO Spring23_S003_4_payment_record (pay_id, pay_time, pay_date, amt_received, amt_paid, amt_received_from, amt_paid_to, cpo_id, renter_id, cro_id) VALUES ('PAY00123', '11:52:00', '20-Sep-2022', '25.78', '19.34', 'Hayes Watman', 'Caressa Mountain', 'CPO1008', '', '');
INSERT INTO Spring23_S003_4_payment_record (pay_id, pay_time, pay_date, amt_received, amt_paid, amt_received_from, amt_paid_to, cpo_id, renter_id, cro_id) VALUES ('PAY00124', '19:45:00', '5-Sep-22', '45.67', '34.25', 'Worth Kording', 'Danna Cisar', '', 'CR10024', 'CRO10018');
INSERT INTO Spring23_S003_4_payment_record (pay_id, pay_time, pay_date, amt_received, amt_paid, amt_received_from, amt_paid_to, cpo_id, renter_id, cro_id) VALUES ('PAY00125', '23:46:00', '18-Aug-22', '127.00', '95.25', 'Frederica Hartell', 'Gradey Abad', '', 'CR10043', 'CRO10034');
INSERT INTO Spring23_S003_4_payment_record (pay_id, pay_time, pay_date, amt_received, amt_paid, amt_received_from, amt_paid_to, cpo_id, renter_id, cro_id) VALUES ('PAY00126', '2:34:00', '6-Apr-2023', '56.46', '42.35', 'Cad Hazeman', 'Giraud Perren', 'CPO10048', '', '');
INSERT INTO Spring23_S003_4_payment_record (pay_id, pay_time, pay_date, amt_received, amt_paid, amt_received_from, amt_paid_to, cpo_id, renter_id, cro_id) VALUES ('PAY00127', '9:54:00', '25-Feb-2023', '55.47', '41.6', 'Vivienne Scorey', 'Yankee Drury', 'CPO1003', '', '');
INSERT INTO Spring23_S003_4_payment_record (pay_id, pay_time, pay_date, amt_received, amt_paid, amt_received_from, amt_paid_to, cpo_id, renter_id, cro_id) VALUES ('PAY00128', '23:16:00', '11-Oct-22', '78.89', '59.17', 'Filbert Gourlie', 'Glennis McCarrell', '', 'CR10054', 'CRO1006');
INSERT INTO Spring23_S003_4_payment_record (pay_id, pay_time, pay_date, amt_received, amt_paid, amt_received_from, amt_paid_to, cpo_id, renter_id, cro_id) VALUES ('PAY00129', '23:08:00', '13-Jan-2023', '24.56', '18.42', 'Ulberto Seamen', 'Benson Sealy', 'CPO10024', '', '');
INSERT INTO Spring23_S003_4_payment_record (pay_id, pay_time, pay_date, amt_received, amt_paid, amt_received_from, amt_paid_to, cpo_id, renter_id, cro_id) VALUES ('PAY00130', '9:47:00', '4-Jan-2023', '46.34', '34.76', 'Patten Forryan', 'Suellen Klimke', 'CPO10032', '', '');
INSERT INTO Spring23_S003_4_payment_record (pay_id, pay_time, pay_date, amt_received, amt_paid, amt_received_from, amt_paid_to, cpo_id, renter_id, cro_id) VALUES ('PAY00131', '12:13:00', '13-Jul-22', '102.45', '76.84', 'Ulises De Gregoli', 'Chrissie Hackworth', '', 'CR10051', 'CRO10055');
INSERT INTO Spring23_S003_4_payment_record (pay_id, pay_time, pay_date, amt_received, amt_paid, amt_received_from, amt_paid_to, cpo_id, renter_id, cro_id) VALUES ('PAY00132', '22:36:00', '3-Feb-2023', '69.3', '51.98', 'Devondra Yeeles', 'Bettine Andrivel', 'CPO10048', '', '');
INSERT INTO Spring23_S003_4_payment_record (pay_id, pay_time, pay_date, amt_received, amt_paid, amt_received_from, amt_paid_to, cpo_id, renter_id, cro_id) VALUES ('PAY00133', '3:50:00', '11-Dec-2022', '57.15', '42.86', 'Fidelia Forbes', 'Pedro Bilovus', 'CPO1001', '', '');
INSERT INTO Spring23_S003_4_payment_record (pay_id, pay_time, pay_date, amt_received, amt_paid, amt_received_from, amt_paid_to, cpo_id, renter_id, cro_id) VALUES ('PAY00134', '17:24:00', '21-May-22', '123.45', '92.59', 'Randie Schruyer', 'Marius Dibdin', '', 'CR10054', 'CRO10014');
INSERT INTO Spring23_S003_4_payment_record (pay_id, pay_time, pay_date, amt_received, amt_paid, amt_received_from, amt_paid_to, cpo_id, renter_id, cro_id) VALUES ('PAY00135', '14:59:00', '12-Nov-2022', '20.86', '15.65', 'Jordan Slorach', 'Doti Artis', 'CPO10024', '', '');
INSERT INTO Spring23_S003_4_payment_record (pay_id, pay_time, pay_date, amt_received, amt_paid, amt_received_from, amt_paid_to, cpo_id, renter_id, cro_id) VALUES ('PAY00136', '14:47:00', '1-Jan-2023', '35.68', '26.76', 'Alic Manzell', 'Melosa Ferrero', 'CPO10045', '', '');
INSERT INTO Spring23_S003_4_payment_record (pay_id, pay_time, pay_date, amt_received, amt_paid, amt_received_from, amt_paid_to, cpo_id, renter_id, cro_id) VALUES ('PAY00137', '23:09:00', '29-Sep-22', '156.76', '117.57', 'Deeann Itscovitz', 'Maribelle Kington', '', 'CR10051', 'CRO10016');
INSERT INTO Spring23_S003_4_payment_record (pay_id, pay_time, pay_date, amt_received, amt_paid, amt_received_from, amt_paid_to, cpo_id, renter_id, cro_id) VALUES ('PAY00138', '1:06:00', '12-Jun-2022', '44.96', '33.72', 'Nana Neame', 'Hyacinth Carvell', 'CPO10051', '', '');
INSERT INTO Spring23_S003_4_payment_record (pay_id, pay_time, pay_date, amt_received, amt_paid, amt_received_from, amt_paid_to, cpo_id, renter_id, cro_id) VALUES ('PAY00139', '0:59:00', '20-Nov-2022', '51.24', '38.43', 'Lissie Marrows', 'Jobie Hansom', 'CPO10045', '', '');
INSERT INTO Spring23_S003_4_payment_record (pay_id, pay_time, pay_date, amt_received, amt_paid, amt_received_from, amt_paid_to, cpo_id, renter_id, cro_id) VALUES ('PAY00140', '14:58:00', '2-May-2022', '34', '25.5', 'Chickie Halifax', 'Carena Sharville', 'CPO1008', '', '');
INSERT INTO Spring23_S003_4_payment_record (pay_id, pay_time, pay_date, amt_received, amt_paid, amt_received_from, amt_paid_to, cpo_id, renter_id, cro_id) VALUES ('PAY00141', '5:50:00', '2-Oct-2022', '39.09', '29.32', 'Levon Levens', 'Stevana Zanicchi', 'CPO10017', '', '');
INSERT INTO Spring23_S003_4_payment_record (pay_id, pay_time, pay_date, amt_received, amt_paid, amt_received_from, amt_paid_to, cpo_id, renter_id, cro_id) VALUES ('PAY00142', '17:26:00', '24-Oct-22', '111.87', '83.9', 'Shane Knipe', 'Ingelbert Eickhoff', '', 'CR10015', 'CRO1007');



---12---
INSERT INTO Spring23_S003_4_pays_fare (carpool_rider_id, pay_id) VALUES ('CPR10013', 'PAY0015');
INSERT INTO Spring23_S003_4_pays_fare (carpool_rider_id, pay_id) VALUES ('CPR10020', 'PAY0033');
INSERT INTO Spring23_S003_4_pays_fare (carpool_rider_id, pay_id) VALUES ('CPR1001', 'PAY004');
INSERT INTO Spring23_S003_4_pays_fare (carpool_rider_id, pay_id) VALUES ('CPR10034', 'PAY0057');
INSERT INTO Spring23_S003_4_pays_fare (carpool_rider_id, pay_id) VALUES ('CPR10017', 'PAY001');
INSERT INTO Spring23_S003_4_pays_fare (carpool_rider_id, pay_id) VALUES ('CPR10045', 'PAY0018');
INSERT INTO Spring23_S003_4_pays_fare (carpool_rider_id, pay_id) VALUES ('CPR1009', 'PAY0070');
INSERT INTO Spring23_S003_4_pays_fare (carpool_rider_id, pay_id) VALUES ('CPR10056', 'PAY002');
INSERT INTO Spring23_S003_4_pays_fare (carpool_rider_id, pay_id) VALUES ('CPR10020', 'PAY0098');
INSERT INTO Spring23_S003_4_pays_fare (carpool_rider_id, pay_id) VALUES ('CPR10013', 'PAY0078');
INSERT INTO Spring23_S003_4_pays_fare (carpool_rider_id, pay_id) VALUES ('CPR1005', 'PAY0037');
INSERT INTO Spring23_S003_4_pays_fare (carpool_rider_id, pay_id) VALUES ('CPR10054', 'PAY0010');
INSERT INTO Spring23_S003_4_pays_fare (carpool_rider_id, pay_id) VALUES ('CPR10012', 'PAY00138');
INSERT INTO Spring23_S003_4_pays_fare (carpool_rider_id, pay_id) VALUES ('CPR1001', 'PAY00100');
INSERT INTO Spring23_S003_4_pays_fare (carpool_rider_id, pay_id) VALUES ('CPR10059', 'PAY0014');
INSERT INTO Spring23_S003_4_pays_fare (carpool_rider_id, pay_id) VALUES ('CPR10024', 'PAY0073');
INSERT INTO Spring23_S003_4_pays_fare (carpool_rider_id, pay_id) VALUES ('CPR10016', 'PAY0079');
INSERT INTO Spring23_S003_4_pays_fare (carpool_rider_id, pay_id) VALUES ('CPR10059', 'PAY00110');
INSERT INTO Spring23_S003_4_pays_fare (carpool_rider_id, pay_id) VALUES ('CPR1006', 'PAY0012');
INSERT INTO Spring23_S003_4_pays_fare (carpool_rider_id, pay_id) VALUES ('CPR10012', 'PAY0076');
INSERT INTO Spring23_S003_4_pays_fare (carpool_rider_id, pay_id) VALUES ('CPR10054', 'PAY00140');
INSERT INTO Spring23_S003_4_pays_fare (carpool_rider_id, pay_id) VALUES ('CPR10019', 'PAY0058');
INSERT INTO Spring23_S003_4_pays_fare (carpool_rider_id, pay_id) VALUES ('CPR1003', 'PAY00102');
INSERT INTO Spring23_S003_4_pays_fare (carpool_rider_id, pay_id) VALUES ('CPR10016', 'PAY00139');
INSERT INTO Spring23_S003_4_pays_fare (carpool_rider_id, pay_id) VALUES ('CPR10045', 'PAY0039');
INSERT INTO Spring23_S003_4_pays_fare (carpool_rider_id, pay_id) VALUES ('CPR10056', 'PAY0075');
INSERT INTO Spring23_S003_4_pays_fare (carpool_rider_id, pay_id) VALUES ('CPR1005', 'PAY0022');
INSERT INTO Spring23_S003_4_pays_fare (carpool_rider_id, pay_id) VALUES ('CPR10059', 'PAY0059');
INSERT INTO Spring23_S003_4_pays_fare (carpool_rider_id, pay_id) VALUES ('CPR10021', 'PAY00141');
INSERT INTO Spring23_S003_4_pays_fare (carpool_rider_id, pay_id) VALUES ('CPR1006', 'PAY0030');
INSERT INTO Spring23_S003_4_pays_fare (carpool_rider_id, pay_id) VALUES ('CPR10024', 'PAY00111');
INSERT INTO Spring23_S003_4_pays_fare (carpool_rider_id, pay_id) VALUES ('CPR10048', 'PAY0096');
INSERT INTO Spring23_S003_4_pays_fare (carpool_rider_id, pay_id) VALUES ('CPR10030', 'PAY00129');
INSERT INTO Spring23_S003_4_pays_fare (carpool_rider_id, pay_id) VALUES ('CPR10013', 'PAY0081');
INSERT INTO Spring23_S003_4_pays_fare (carpool_rider_id, pay_id) VALUES ('CPR10012', 'PAY00130');
INSERT INTO Spring23_S003_4_pays_fare (carpool_rider_id, pay_id) VALUES ('CPR10034', 'PAY008');
INSERT INTO Spring23_S003_4_pays_fare (carpool_rider_id, pay_id) VALUES ('CPR10016', 'PAY0021');
INSERT INTO Spring23_S003_4_pays_fare (carpool_rider_id, pay_id) VALUES ('CPR10041', 'PAY00106');
INSERT INTO Spring23_S003_4_pays_fare (carpool_rider_id, pay_id) VALUES ('CPR1009', 'PAY0040');
INSERT INTO Spring23_S003_4_pays_fare (carpool_rider_id, pay_id) VALUES ('CPR10059', 'PAY0090');
INSERT INTO Spring23_S003_4_pays_fare (carpool_rider_id, pay_id) VALUES ('CPR10019', 'PAY00135');
INSERT INTO Spring23_S003_4_pays_fare (carpool_rider_id, pay_id) VALUES ('CPR1006', 'PAY00133');
INSERT INTO Spring23_S003_4_pays_fare (carpool_rider_id, pay_id) VALUES ('CPR10024', 'PAY00112');
INSERT INTO Spring23_S003_4_pays_fare (carpool_rider_id, pay_id) VALUES ('CPR10030', 'PAY0092');
INSERT INTO Spring23_S003_4_pays_fare (carpool_rider_id, pay_id) VALUES ('CPR10045', 'PAY00123');
INSERT INTO Spring23_S003_4_pays_fare (carpool_rider_id, pay_id) VALUES ('CPR10027', 'PAY006');
INSERT INTO Spring23_S003_4_pays_fare (carpool_rider_id, pay_id) VALUES ('CPR10051', 'PAY00107');
INSERT INTO Spring23_S003_4_pays_fare (carpool_rider_id, pay_id) VALUES ('CPR10030', 'PAY0083');
INSERT INTO Spring23_S003_4_pays_fare (carpool_rider_id, pay_id) VALUES ('CPR1003', 'PAY00126');
INSERT INTO Spring23_S003_4_pays_fare (carpool_rider_id, pay_id) VALUES ('CPR10021', 'PAY0061');
INSERT INTO Spring23_S003_4_pays_fare (carpool_rider_id, pay_id) VALUES ('CPR10051', 'PAY00120');
INSERT INTO Spring23_S003_4_pays_fare (carpool_rider_id, pay_id) VALUES ('CPR10030', 'PAY00109');
INSERT INTO Spring23_S003_4_pays_fare (carpool_rider_id, pay_id) VALUES ('CPR10017', 'PAY0063');
INSERT INTO Spring23_S003_4_pays_fare (carpool_rider_id, pay_id) VALUES ('CPR10012', 'PAY0024');
INSERT INTO Spring23_S003_4_pays_fare (carpool_rider_id, pay_id) VALUES ('CPR10056', 'PAY0042');
INSERT INTO Spring23_S003_4_pays_fare (carpool_rider_id, pay_id) VALUES ('CPR10027', 'PAY0094');
INSERT INTO Spring23_S003_4_pays_fare (carpool_rider_id, pay_id) VALUES ('CPR10051', 'PAY0087');
INSERT INTO Spring23_S003_4_pays_fare (carpool_rider_id, pay_id) VALUES ('CPR10045', 'PAY0066');
INSERT INTO Spring23_S003_4_pays_fare (carpool_rider_id, pay_id) VALUES ('CPR1003', 'PAY00114');
INSERT INTO Spring23_S003_4_pays_fare (carpool_rider_id, pay_id) VALUES ('CPR10017', 'PAY0084');
INSERT INTO Spring23_S003_4_pays_fare (carpool_rider_id, pay_id) VALUES ('CPR10045', 'PAY0053');
INSERT INTO Spring23_S003_4_pays_fare (carpool_rider_id, pay_id) VALUES ('CPR1008', 'PAY0043');
INSERT INTO Spring23_S003_4_pays_fare (carpool_rider_id, pay_id) VALUES ('CPR10051', 'PAY00132');
INSERT INTO Spring23_S003_4_pays_fare (carpool_rider_id, pay_id) VALUES ('CPR1005', 'PAY00116');
INSERT INTO Spring23_S003_4_pays_fare (carpool_rider_id, pay_id) VALUES ('CPR10017', 'PAY00136');
INSERT INTO Spring23_S003_4_pays_fare (carpool_rider_id, pay_id) VALUES ('CPR10056', 'PAY0028');
INSERT INTO Spring23_S003_4_pays_fare (carpool_rider_id, pay_id) VALUES ('CPR10053', 'PAY0086');
INSERT INTO Spring23_S003_4_pays_fare (carpool_rider_id, pay_id) VALUES ('CPR10042', 'PAY00127');
INSERT INTO Spring23_S003_4_pays_fare (carpool_rider_id, pay_id) VALUES ('CPR10051', 'PAY0050');
INSERT INTO Spring23_S003_4_pays_fare (carpool_rider_id, pay_id) VALUES ('CPR10042', 'PAY00117');
INSERT INTO Spring23_S003_4_pays_fare (carpool_rider_id, pay_id) VALUES ('CPR10053', 'PAY0026');
INSERT INTO Spring23_S003_4_pays_fare (carpool_rider_id, pay_id) VALUES ('CPR10045', 'PAY0068');
INSERT INTO Spring23_S003_4_pays_fare (carpool_rider_id, pay_id) VALUES ('CPR1008', 'PAY0047');



---13---
INSERT INTO Spring23_S003_4_is_member (cr_id, carpool_rider_id, fare) VALUES ('CPRIDE1231', 'CPR10013', '19.90');
INSERT INTO Spring23_S003_4_is_member (cr_id, carpool_rider_id, fare) VALUES ('CPRIDE1231', 'CPR10020', '19.90');
INSERT INTO Spring23_S003_4_is_member (cr_id, carpool_rider_id, fare) VALUES ('CPRIDE1231', 'CPR1001', '19.90');
INSERT INTO Spring23_S003_4_is_member (cr_id, carpool_rider_id, fare) VALUES ('CPRIDE1232', 'CPR10034', '21.90');
INSERT INTO Spring23_S003_4_is_member (cr_id, carpool_rider_id, fare) VALUES ('CPRIDE1232', 'CPR1009', '21.90');
INSERT INTO Spring23_S003_4_is_member (cr_id, carpool_rider_id, fare) VALUES ('CPRIDE1232', 'CPR10056', '21.90');
INSERT INTO Spring23_S003_4_is_member (cr_id, carpool_rider_id, fare) VALUES ('CPRIDE1233', 'CPR10045', '23.53');
INSERT INTO Spring23_S003_4_is_member (cr_id, carpool_rider_id, fare) VALUES ('CPRIDE1233', 'CPR10020', '23.53');
INSERT INTO Spring23_S003_4_is_member (cr_id, carpool_rider_id, fare) VALUES ('CPRIDE1234', 'CPR1005', '15.90');
INSERT INTO Spring23_S003_4_is_member (cr_id, carpool_rider_id, fare) VALUES ('CPRIDE1234', 'CPR1001', '15.90');
INSERT INTO Spring23_S003_4_is_member (cr_id, carpool_rider_id, fare) VALUES ('CPRIDE1234', 'CPR10013', '15.90');
INSERT INTO Spring23_S003_4_is_member (cr_id, carpool_rider_id, fare) VALUES ('CPRIDE1235', 'CPR10054', '23.34');
INSERT INTO Spring23_S003_4_is_member (cr_id, carpool_rider_id, fare) VALUES ('CPRIDE1235', 'CPR10012', '23.34');
INSERT INTO Spring23_S003_4_is_member (cr_id, carpool_rider_id, fare) VALUES ('CPRIDE1235', 'CPR10059', '23.34');
INSERT INTO Spring23_S003_4_is_member (cr_id, carpool_rider_id, fare) VALUES ('CPRIDE1236', 'CPR10034', '10.36');
INSERT INTO Spring23_S003_4_is_member (cr_id, carpool_rider_id, fare) VALUES ('CPRIDE1236', 'CPR1009', '10.36');
INSERT INTO Spring23_S003_4_is_member (cr_id, carpool_rider_id, fare) VALUES ('CPRIDE1237', 'CPR10020', '17.26');
INSERT INTO Spring23_S003_4_is_member (cr_id, carpool_rider_id, fare) VALUES ('CPRIDE1237', 'CPR10056', '17.26');
INSERT INTO Spring23_S003_4_is_member (cr_id, carpool_rider_id, fare) VALUES ('CPRIDE1237', 'CPR1005', '17.26');
INSERT INTO Spring23_S003_4_is_member (cr_id, carpool_rider_id, fare) VALUES ('CPRIDE1238', 'CPR10054', '18.73');
INSERT INTO Spring23_S003_4_is_member (cr_id, carpool_rider_id, fare) VALUES ('CPRIDE1238', 'CPR10059', '18.73');
INSERT INTO Spring23_S003_4_is_member (cr_id, carpool_rider_id, fare) VALUES ('CPRIDE1239', 'CPR10045', '15.01');
INSERT INTO Spring23_S003_4_is_member (cr_id, carpool_rider_id, fare) VALUES ('CPRIDE1239', 'CPR10024', '15.01');
INSERT INTO Spring23_S003_4_is_member (cr_id, carpool_rider_id, fare) VALUES ('CPRIDE1239', 'CPR10016', '15.01');
INSERT INTO Spring23_S003_4_is_member (cr_id, carpool_rider_id, fare) VALUES ('CPRIDE12310', 'CPR10013', '11.28');
INSERT INTO Spring23_S003_4_is_member (cr_id, carpool_rider_id, fare) VALUES ('CPRIDE12310', 'CPR1006', '11.28');
INSERT INTO Spring23_S003_4_is_member (cr_id, carpool_rider_id, fare) VALUES ('CPRIDE12310', 'CPR10019', '11.28');
INSERT INTO Spring23_S003_4_is_member (cr_id, carpool_rider_id, fare) VALUES ('CPRIDE12311', 'CPR10024', '11.28');
INSERT INTO Spring23_S003_4_is_member (cr_id, carpool_rider_id, fare) VALUES ('CPRIDE12311', 'CPR10020', '13.08');
INSERT INTO Spring23_S003_4_is_member (cr_id, carpool_rider_id, fare) VALUES ('CPRIDE12312', 'CPR10054', '15.06');
INSERT INTO Spring23_S003_4_is_member (cr_id, carpool_rider_id, fare) VALUES ('CPRIDE12312', 'CPR10016', '15.06');
INSERT INTO Spring23_S003_4_is_member (cr_id, carpool_rider_id, fare) VALUES ('CPRIDE12312', 'CPR1003', '15.06');
INSERT INTO Spring23_S003_4_is_member (cr_id, carpool_rider_id, fare) VALUES ('CPRIDE12313', 'CPR10021', '24.33');
INSERT INTO Spring23_S003_4_is_member (cr_id, carpool_rider_id, fare) VALUES ('CPRIDE12314', 'CPR1001', '24.75');
INSERT INTO Spring23_S003_4_is_member (cr_id, carpool_rider_id, fare) VALUES ('CPRIDE12314', 'CPR10048', '24.75');
INSERT INTO Spring23_S003_4_is_member (cr_id, carpool_rider_id, fare) VALUES ('CPRIDE12314', 'CPR10030', '24.75');
INSERT INTO Spring23_S003_4_is_member (cr_id, carpool_rider_id, fare) VALUES ('CPRIDE12315', 'CPR10034', '18.34');
INSERT INTO Spring23_S003_4_is_member (cr_id, carpool_rider_id, fare) VALUES ('CPRIDE12315', 'CPR10021', '18.34');
INSERT INTO Spring23_S003_4_is_member (cr_id, carpool_rider_id, fare) VALUES ('CPRIDE12316', 'CPR10019', '24.91');
INSERT INTO Spring23_S003_4_is_member (cr_id, carpool_rider_id, fare) VALUES ('CPRIDE12316', 'CPR1005', '24.91');
INSERT INTO Spring23_S003_4_is_member (cr_id, carpool_rider_id, fare) VALUES ('CPRIDE12316', 'CPR10016', '24.91');
INSERT INTO Spring23_S003_4_is_member (cr_id, carpool_rider_id, fare) VALUES ('CPRIDE12317', 'CPR10048', '17.08');
INSERT INTO Spring23_S003_4_is_member (cr_id, carpool_rider_id, fare) VALUES ('CPRIDE12318', 'CPR10024', '19.28');
INSERT INTO Spring23_S003_4_is_member (cr_id, carpool_rider_id, fare) VALUES ('CPRIDE12318', 'CPR10030', '19.28');
INSERT INTO Spring23_S003_4_is_member (cr_id, carpool_rider_id, fare) VALUES ('CPRIDE12319', 'CPR10020', '20.21');
INSERT INTO Spring23_S003_4_is_member (cr_id, carpool_rider_id, fare) VALUES ('CPRIDE12319', 'CPR10059', '20.21');
INSERT INTO Spring23_S003_4_is_member (cr_id, carpool_rider_id, fare) VALUES ('CPRIDE12319', 'CPR10021', '20.21');
INSERT INTO Spring23_S003_4_is_member (cr_id, carpool_rider_id, fare) VALUES ('CPRIDE12320', 'CPR10027', '12.21');
INSERT INTO Spring23_S003_4_is_member (cr_id, carpool_rider_id, fare) VALUES ('CPRIDE12321', 'CPR10054', '12.17');
INSERT INTO Spring23_S003_4_is_member (cr_id, carpool_rider_id, fare) VALUES ('CPRIDE12321', 'CPR10019', '12.17');
INSERT INTO Spring23_S003_4_is_member (cr_id, carpool_rider_id, fare) VALUES ('CPRIDE12321', 'CPR10027', '12.17');
INSERT INTO Spring23_S003_4_is_member (cr_id, carpool_rider_id, fare) VALUES ('CPRIDE12322', 'CPR1005', '16.51');
INSERT INTO Spring23_S003_4_is_member (cr_id, carpool_rider_id, fare) VALUES ('CPRIDE12322', 'CPR10045', '16.51');
INSERT INTO Spring23_S003_4_is_member (cr_id, carpool_rider_id, fare) VALUES ('CPRIDE12322', 'CPR10051', '16.51');
INSERT INTO Spring23_S003_4_is_member (cr_id, carpool_rider_id, fare) VALUES ('CPRIDE12323', 'CPR10013', '10.26');
INSERT INTO Spring23_S003_4_is_member (cr_id, carpool_rider_id, fare) VALUES ('CPRIDE12323', 'CPR10030', '10.26');
INSERT INTO Spring23_S003_4_is_member (cr_id, carpool_rider_id, fare) VALUES ('CPRIDE12323', 'CPR10027', '10.26');
INSERT INTO Spring23_S003_4_is_member (cr_id, carpool_rider_id, fare) VALUES ('CPRIDE12324', 'CPR10059', '15.94');
INSERT INTO Spring23_S003_4_is_member (cr_id, carpool_rider_id, fare) VALUES ('CPRIDE12324', 'CPR10030', '15.94');
INSERT INTO Spring23_S003_4_is_member (cr_id, carpool_rider_id, fare) VALUES ('CPRIDE12324', 'CPR10053', '15.94');
INSERT INTO Spring23_S003_4_is_member (cr_id, carpool_rider_id, fare) VALUES ('CPRIDE12325', 'CPR10016', '18.39');
INSERT INTO Spring23_S003_4_is_member (cr_id, carpool_rider_id, fare) VALUES ('CPRIDE12325', 'CPR1005', '18.39');
INSERT INTO Spring23_S003_4_is_member (cr_id, carpool_rider_id, fare) VALUES ('CPRIDE12326', 'CPR10048', '23.08');
INSERT INTO Spring23_S003_4_is_member (cr_id, carpool_rider_id, fare) VALUES ('CPRIDE12326', 'CPR1006', '23.08');
INSERT INTO Spring23_S003_4_is_member (cr_id, carpool_rider_id, fare) VALUES ('CPRIDE12326', 'CPR10053', '23.08');
INSERT INTO Spring23_S003_4_is_member (cr_id, carpool_rider_id, fare) VALUES ('CPRIDE12327', 'CPR10059', '14.34');
INSERT INTO Spring23_S003_4_is_member (cr_id, carpool_rider_id, fare) VALUES ('CPRIDE12328', 'CPR10027', '19.01');
INSERT INTO Spring23_S003_4_is_member (cr_id, carpool_rider_id, fare) VALUES ('CPRIDE12328', 'CPR10051', '19.01');
INSERT INTO Spring23_S003_4_is_member (cr_id, carpool_rider_id, fare) VALUES ('CPRIDE12329', 'CPR10045', '10.71');
INSERT INTO Spring23_S003_4_is_member (cr_id, carpool_rider_id, fare) VALUES ('CPRIDE12329', 'CPR1009', '10.71');
INSERT INTO Spring23_S003_4_is_member (cr_id, carpool_rider_id, fare) VALUES ('CPRIDE12329', 'CPR10019', '10.71');
INSERT INTO Spring23_S003_4_is_member (cr_id, carpool_rider_id, fare) VALUES ('CPRIDE12330', 'CPR10059', '14.58');
INSERT INTO Spring23_S003_4_is_member (cr_id, carpool_rider_id, fare) VALUES ('CPRIDE12330', 'CPR1008', '14.58');
INSERT INTO Spring23_S003_4_is_member (cr_id, carpool_rider_id, fare) VALUES ('CPRIDE12331', 'CPR10048', '18.97');
INSERT INTO Spring23_S003_4_is_member (cr_id, carpool_rider_id, fare) VALUES ('CPRIDE12331', 'CPR10020', '18.97');
INSERT INTO Spring23_S003_4_is_member (cr_id, carpool_rider_id, fare) VALUES ('CPRIDE12332', 'CPR10053', '19.86');
INSERT INTO Spring23_S003_4_is_member (cr_id, carpool_rider_id, fare) VALUES ('CPRIDE12332', 'CPR10021', '19.86');
INSERT INTO Spring23_S003_4_is_member (cr_id, carpool_rider_id, fare) VALUES ('CPRIDE12333', 'CPR10012', '19.87');
INSERT INTO Spring23_S003_4_is_member (cr_id, carpool_rider_id, fare) VALUES ('CPRIDE12333', 'CPR1006', '19.87');
INSERT INTO Spring23_S003_4_is_member (cr_id, carpool_rider_id, fare) VALUES ('CPRIDE12333', 'CPR10030', '19.87');
INSERT INTO Spring23_S003_4_is_member (cr_id, carpool_rider_id, fare) VALUES ('CPRIDE12334', 'CPR1008', '20.87');
INSERT INTO Spring23_S003_4_is_member (cr_id, carpool_rider_id, fare) VALUES ('CPRIDE12335', 'CPR10045', '17.23');
INSERT INTO Spring23_S003_4_is_member (cr_id, carpool_rider_id, fare) VALUES ('CPRIDE12335', 'CPR10034', '17.23');
INSERT INTO Spring23_S003_4_is_member (cr_id, carpool_rider_id, fare) VALUES ('CPRIDE12336', 'CPR10053', '20.80');
INSERT INTO Spring23_S003_4_is_member (cr_id, carpool_rider_id, fare) VALUES ('CPRIDE12336', 'CPR10027', '20.80');
INSERT INTO Spring23_S003_4_is_member (cr_id, carpool_rider_id, fare) VALUES ('CPRIDE12336', 'CPR1008', '20.80');
INSERT INTO Spring23_S003_4_is_member (cr_id, carpool_rider_id, fare) VALUES ('CPRIDE12337', 'CPR1009', '14.69');
INSERT INTO Spring23_S003_4_is_member (cr_id, carpool_rider_id, fare) VALUES ('CPRIDE12337', 'CPR10024', '14.69');
INSERT INTO Spring23_S003_4_is_member (cr_id, carpool_rider_id, fare) VALUES ('CPRIDE12338', 'CPR10053', '20.81');
INSERT INTO Spring23_S003_4_is_member (cr_id, carpool_rider_id, fare) VALUES ('CPRIDE12338', 'CPR10048', '12.16');
INSERT INTO Spring23_S003_4_is_member (cr_id, carpool_rider_id, fare) VALUES ('CPRIDE12339', 'CPR10020', '10.47');
INSERT INTO Spring23_S003_4_is_member (cr_id, carpool_rider_id, fare) VALUES ('CPRIDE12339', 'CPR10017', '10.47');
INSERT INTO Spring23_S003_4_is_member (cr_id, carpool_rider_id, fare) VALUES ('CPRIDE12339', 'CPR1006', '10.47');
INSERT INTO Spring23_S003_4_is_member (cr_id, carpool_rider_id, fare) VALUES ('CPRIDE12340', 'CPR10016', '20.72');
INSERT INTO Spring23_S003_4_is_member (cr_id, carpool_rider_id, fare) VALUES ('CPRIDE12340', 'CPR10019', '20.72');
INSERT INTO Spring23_S003_4_is_member (cr_id, carpool_rider_id, fare) VALUES ('CPRIDE12341', 'CPR10054', '17.73');
INSERT INTO Spring23_S003_4_is_member (cr_id, carpool_rider_id, fare) VALUES ('CPRIDE12341', 'CPR1006', '17.73');
INSERT INTO Spring23_S003_4_is_member (cr_id, carpool_rider_id, fare) VALUES ('CPRIDE12342', 'CPR1003', '14.33');
INSERT INTO Spring23_S003_4_is_member (cr_id, carpool_rider_id, fare) VALUES ('CPRIDE12343', 'CPR10012', '23.87');
INSERT INTO Spring23_S003_4_is_member (cr_id, carpool_rider_id, fare) VALUES ('CPRIDE12343', 'CPR10030', '23.87');
INSERT INTO Spring23_S003_4_is_member (cr_id, carpool_rider_id, fare) VALUES ('CPRIDE12344', 'CPR10051', '10.50');
INSERT INTO Spring23_S003_4_is_member (cr_id, carpool_rider_id, fare) VALUES ('CPRIDE12345', 'CPR10045', '24.56');
INSERT INTO Spring23_S003_4_is_member (cr_id, carpool_rider_id, fare) VALUES ('CPRIDE12345', 'CPR10017', '24.56');
INSERT INTO Spring23_S003_4_is_member (cr_id, carpool_rider_id, fare) VALUES ('CPRIDE12345', 'CPR10021', '24.56');
INSERT INTO Spring23_S003_4_is_member (cr_id, carpool_rider_id, fare) VALUES ('CPRIDE12346', 'CPR10053', '14.77');
INSERT INTO Spring23_S003_4_is_member (cr_id, carpool_rider_id, fare) VALUES ('CPRIDE12346', 'CPR1008', '14.77');
INSERT INTO Spring23_S003_4_is_member (cr_id, carpool_rider_id, fare) VALUES ('CPRIDE12347', 'CPR1005', '15.35');
INSERT INTO Spring23_S003_4_is_member (cr_id, carpool_rider_id, fare) VALUES ('CPRIDE12347', 'CPR10019', '15.35');
INSERT INTO Spring23_S003_4_is_member (cr_id, carpool_rider_id, fare) VALUES ('CPRIDE12347', 'CPR1003', '15.35');
INSERT INTO Spring23_S003_4_is_member (cr_id, carpool_rider_id, fare) VALUES ('CPRIDE12348', 'CPR10054', '18.98');
INSERT INTO Spring23_S003_4_is_member (cr_id, carpool_rider_id, fare) VALUES ('CPRIDE12349', 'CPR1006', '10.96');
INSERT INTO Spring23_S003_4_is_member (cr_id, carpool_rider_id, fare) VALUES ('CPRIDE12349', 'CPR10013', '10.96');
INSERT INTO Spring23_S003_4_is_member (cr_id, carpool_rider_id, fare) VALUES ('CPRIDE12349', 'CPR10053', '10.96');
INSERT INTO Spring23_S003_4_is_member (cr_id, carpool_rider_id, fare) VALUES ('CPRIDE12350', 'CPR10045', '17.57');
INSERT INTO Spring23_S003_4_is_member (cr_id, carpool_rider_id, fare) VALUES ('CPRIDE12350', 'CPR10020', '17.57');
INSERT INTO Spring23_S003_4_is_member (cr_id, carpool_rider_id, fare) VALUES ('CPRIDE12350', 'CPR10053', '17.57');
INSERT INTO Spring23_S003_4_is_member (cr_id, carpool_rider_id, fare) VALUES ('CPRIDE12351', 'CPR10051', '10.45');
INSERT INTO Spring23_S003_4_is_member (cr_id, carpool_rider_id, fare) VALUES ('CPRIDE12351', 'CPR10021', '10.45');
INSERT INTO Spring23_S003_4_is_member (cr_id, carpool_rider_id, fare) VALUES ('CPRIDE12352', 'CPR10013', '14.47');
INSERT INTO Spring23_S003_4_is_member (cr_id, carpool_rider_id, fare) VALUES ('CPRIDE12352', 'CPR10053', '14.47');
INSERT INTO Spring23_S003_4_is_member (cr_id, carpool_rider_id, fare) VALUES ('CPRIDE12353', 'CPR1005', '20.39');
INSERT INTO Spring23_S003_4_is_member (cr_id, carpool_rider_id, fare) VALUES ('CPRIDE12353', 'CPR1003', '20.39');
INSERT INTO Spring23_S003_4_is_member (cr_id, carpool_rider_id, fare) VALUES ('CPRIDE12353', 'CPR10051', '20.39');
INSERT INTO Spring23_S003_4_is_member (cr_id, carpool_rider_id, fare) VALUES ('CPRIDE12354', 'CPR10030', '22.24');
INSERT INTO Spring23_S003_4_is_member (cr_id, carpool_rider_id, fare) VALUES ('CPRIDE12354', 'CPR10048', '22.24');
INSERT INTO Spring23_S003_4_is_member (cr_id, carpool_rider_id, fare) VALUES ('CPRIDE12355', 'CPR10027', '16.45');
INSERT INTO Spring23_S003_4_is_member (cr_id, carpool_rider_id, fare) VALUES ('CPRIDE12355', 'CPR10012', '16.45');
INSERT INTO Spring23_S003_4_is_member (cr_id, carpool_rider_id, fare) VALUES ('CPRIDE12355', 'CPR10017', '16.45');
INSERT INTO Spring23_S003_4_is_member (cr_id, carpool_rider_id, fare) VALUES ('CPRIDE12356', 'CPR10056', '21.26');
INSERT INTO Spring23_S003_4_is_member (cr_id, carpool_rider_id, fare) VALUES ('CPRIDE12356', 'CPR10048', '21.26');
INSERT INTO Spring23_S003_4_is_member (cr_id, carpool_rider_id, fare) VALUES ('CPRIDE12357', 'CPR1008', '16.29');
INSERT INTO Spring23_S003_4_is_member (cr_id, carpool_rider_id, fare) VALUES ('CPRIDE12358', 'CPR1003', '18.06');
INSERT INTO Spring23_S003_4_is_member (cr_id, carpool_rider_id, fare) VALUES ('CPRIDE12358', 'CPR10045', '18.06');
INSERT INTO Spring23_S003_4_is_member (cr_id, carpool_rider_id, fare) VALUES ('CPRIDE12359', 'CPR10030', '20.37');
INSERT INTO Spring23_S003_4_is_member (cr_id, carpool_rider_id, fare) VALUES ('CPRIDE12359', 'CPR1008', '20.37');
INSERT INTO Spring23_S003_4_is_member (cr_id, carpool_rider_id, fare) VALUES ('CPRIDE12360', 'CPR10024', '23.55');
INSERT INTO Spring23_S003_4_is_member (cr_id, carpool_rider_id, fare) VALUES ('CPRIDE12360', 'CPR10027', '23.55');
INSERT INTO Spring23_S003_4_is_member (cr_id, carpool_rider_id, fare) VALUES ('CPRIDE12361', 'CPR10053', '12.89');
INSERT INTO Spring23_S003_4_is_member (cr_id, carpool_rider_id, fare) VALUES ('CPRIDE12361', 'CPR1001', '12.89');
INSERT INTO Spring23_S003_4_is_member (cr_id, carpool_rider_id, fare) VALUES ('CPRIDE12362', 'CPR10051', '18.82');
INSERT INTO Spring23_S003_4_is_member (cr_id, carpool_rider_id, fare) VALUES ('CPRIDE12362', 'CPR10024', '18.82');
INSERT INTO Spring23_S003_4_is_member (cr_id, carpool_rider_id, fare) VALUES ('CPRIDE12362', 'CPR10021', '18.82');
INSERT INTO Spring23_S003_4_is_member (cr_id, carpool_rider_id, fare) VALUES ('CPRIDE12363', 'CPR10053', '18.49');
INSERT INTO Spring23_S003_4_is_member (cr_id, carpool_rider_id, fare) VALUES ('CPRIDE12363', 'CPR10016', '18.49');
INSERT INTO Spring23_S003_4_is_member (cr_id, carpool_rider_id, fare) VALUES ('CPRIDE12363', 'CPR1003', '18.49');
INSERT INTO Spring23_S003_4_is_member (cr_id, carpool_rider_id, fare) VALUES ('CPRIDE12364', 'CPR1009', '12.28');
INSERT INTO Spring23_S003_4_is_member (cr_id, carpool_rider_id, fare) VALUES ('CPRIDE12364', 'CPR10056', '12.28');
INSERT INTO Spring23_S003_4_is_member (cr_id, carpool_rider_id, fare) VALUES ('CPRIDE12365', 'CPR10027', '23.17');
INSERT INTO Spring23_S003_4_is_member (cr_id, carpool_rider_id, fare) VALUES ('CPRIDE12365', 'CPR10051', '23.17');
INSERT INTO Spring23_S003_4_is_member (cr_id, carpool_rider_id, fare) VALUES ('CPRIDE12366', 'CPR10012', '23.10');
INSERT INTO Spring23_S003_4_is_member (cr_id, carpool_rider_id, fare) VALUES ('CPRIDE12366', 'CPR1005', '23.10');
INSERT INTO Spring23_S003_4_is_member (cr_id, carpool_rider_id, fare) VALUES ('CPRIDE12366', 'CPR10048', '23.10');
INSERT INTO Spring23_S003_4_is_member (cr_id, carpool_rider_id, fare) VALUES ('CPRIDE12367', 'CPR1006', '19.05');
INSERT INTO Spring23_S003_4_is_member (cr_id, carpool_rider_id, fare) VALUES ('CPRIDE12367', 'CPR10021', '19.05');
INSERT INTO Spring23_S003_4_is_member (cr_id, carpool_rider_id, fare) VALUES ('CPRIDE12367', 'CPR10024', '19.05');
INSERT INTO Spring23_S003_4_is_member (cr_id, carpool_rider_id, fare) VALUES ('CPRIDE12368', 'CPR10030', '20.86');
INSERT INTO Spring23_S003_4_is_member (cr_id, carpool_rider_id, fare) VALUES ('CPRIDE12369', 'CPR1003', '17.84');
INSERT INTO Spring23_S003_4_is_member (cr_id, carpool_rider_id, fare) VALUES ('CPRIDE12369', 'CPR10019', '17.84');
INSERT INTO Spring23_S003_4_is_member (cr_id, carpool_rider_id, fare) VALUES ('CPRIDE12370', 'CPR10045', '22.48');
INSERT INTO Spring23_S003_4_is_member (cr_id, carpool_rider_id, fare) VALUES ('CPRIDE12370', 'CPR10012', '22.48');
INSERT INTO Spring23_S003_4_is_member (cr_id, carpool_rider_id, fare) VALUES ('CPRIDE12371', 'CPR1006', '17.08');
INSERT INTO Spring23_S003_4_is_member (cr_id, carpool_rider_id, fare) VALUES ('CPRIDE12371', 'CPR10016', '17.08');
INSERT INTO Spring23_S003_4_is_member (cr_id, carpool_rider_id, fare) VALUES ('CPRIDE12371', 'CPR10054', '17.08');
INSERT INTO Spring23_S003_4_is_member (cr_id, carpool_rider_id, fare) VALUES ('CPRIDE12372', 'CPR10024', '17.00');
INSERT INTO Spring23_S003_4_is_member (cr_id, carpool_rider_id, fare) VALUES ('CPRIDE12372', 'CPR10059', '17.00');
INSERT INTO Spring23_S003_4_is_member (cr_id, carpool_rider_id, fare) VALUES ('CPRIDE12373', 'CPR10012', '13.03');
INSERT INTO Spring23_S003_4_is_member (cr_id, carpool_rider_id, fare) VALUES ('CPRIDE12373', 'CPR10056', '13.03');
INSERT INTO Spring23_S003_4_is_member (cr_id, carpool_rider_id, fare) VALUES ('CPRIDE12373', 'CPR1001', '13.03');



---14---
INSERT INTO Spring23_S003_4_is_renter_of (ride_id, renter_id) VALUES ('CRR20045', 'CR10040');
INSERT INTO Spring23_S003_4_is_renter_of (ride_id, renter_id) VALUES ('CRR20041', 'CR10027');
INSERT INTO Spring23_S003_4_is_renter_of (ride_id, renter_id) VALUES ('CRR20028', 'CR10051');
INSERT INTO Spring23_S003_4_is_renter_of (ride_id, renter_id) VALUES ('CRR2003', 'CR1005');
INSERT INTO Spring23_S003_4_is_renter_of (ride_id, renter_id) VALUES ('CRR20013', 'CR10027');
INSERT INTO Spring23_S003_4_is_renter_of (ride_id, renter_id) VALUES ('CRR20067', 'CR10016');
INSERT INTO Spring23_S003_4_is_renter_of (ride_id, renter_id) VALUES ('CRR20033', 'CR10034');
INSERT INTO Spring23_S003_4_is_renter_of (ride_id, renter_id) VALUES ('CRR20024', 'CR10024');
INSERT INTO Spring23_S003_4_is_renter_of (ride_id, renter_id) VALUES ('CRR2002', 'CR10019');
INSERT INTO Spring23_S003_4_is_renter_of (ride_id, renter_id) VALUES ('CRR20048', 'CR1006');
INSERT INTO Spring23_S003_4_is_renter_of (ride_id, renter_id) VALUES ('CRR20037', 'CR10025');
INSERT INTO Spring23_S003_4_is_renter_of (ride_id, renter_id) VALUES ('CRR2004', 'CR1007');
INSERT INTO Spring23_S003_4_is_renter_of (ride_id, renter_id) VALUES ('CRR20036', 'CR10057');
INSERT INTO Spring23_S003_4_is_renter_of (ride_id, renter_id) VALUES ('CRR20042', 'CR10043');
INSERT INTO Spring23_S003_4_is_renter_of (ride_id, renter_id) VALUES ('CRR20018', 'CR10032');
INSERT INTO Spring23_S003_4_is_renter_of (ride_id, renter_id) VALUES ('CRR20023', 'CR10032');
INSERT INTO Spring23_S003_4_is_renter_of (ride_id, renter_id) VALUES ('CRR20051', 'CR10022');
INSERT INTO Spring23_S003_4_is_renter_of (ride_id, renter_id) VALUES ('CRR20016', 'CR10051');
INSERT INTO Spring23_S003_4_is_renter_of (ride_id, renter_id) VALUES ('CRR20017', 'CR1003');
INSERT INTO Spring23_S003_4_is_renter_of (ride_id, renter_id) VALUES ('CRR20022', 'CR10010');
INSERT INTO Spring23_S003_4_is_renter_of (ride_id, renter_id) VALUES ('CRR20062', 'CR10015');
INSERT INTO Spring23_S003_4_is_renter_of (ride_id, renter_id) VALUES ('CRR20059', 'CR10051');
INSERT INTO Spring23_S003_4_is_renter_of (ride_id, renter_id) VALUES ('CRR20047', 'CR10037');
INSERT INTO Spring23_S003_4_is_renter_of (ride_id, renter_id) VALUES ('CRR2009', 'CR10027');
INSERT INTO Spring23_S003_4_is_renter_of (ride_id, renter_id) VALUES ('CRR20044', 'CR1003');
INSERT INTO Spring23_S003_4_is_renter_of (ride_id, renter_id) VALUES ('CRR20060', 'CR10034');
INSERT INTO Spring23_S003_4_is_renter_of (ride_id, renter_id) VALUES ('CRR20039', 'CR10058');
INSERT INTO Spring23_S003_4_is_renter_of (ride_id, renter_id) VALUES ('CRR20012', 'CR10047');
INSERT INTO Spring23_S003_4_is_renter_of (ride_id, renter_id) VALUES ('CRR20032', 'CR10051');
INSERT INTO Spring23_S003_4_is_renter_of (ride_id, renter_id) VALUES ('CRR2001', 'CR10045');
INSERT INTO Spring23_S003_4_is_renter_of (ride_id, renter_id) VALUES ('CRR20026', 'CR10054');
INSERT INTO Spring23_S003_4_is_renter_of (ride_id, renter_id) VALUES ('CRR20040', 'CR10045');
INSERT INTO Spring23_S003_4_is_renter_of (ride_id, renter_id) VALUES ('CRR20057', 'CR1003');
INSERT INTO Spring23_S003_4_is_renter_of (ride_id, renter_id) VALUES ('CRR20029', 'CR10040');
INSERT INTO Spring23_S003_4_is_renter_of (ride_id, renter_id) VALUES ('CRR20019', 'CR10039');
INSERT INTO Spring23_S003_4_is_renter_of (ride_id, renter_id) VALUES ('CRR20066', 'CR10016');
INSERT INTO Spring23_S003_4_is_renter_of (ride_id, renter_id) VALUES ('CRR2008', 'CR10032');
INSERT INTO Spring23_S003_4_is_renter_of (ride_id, renter_id) VALUES ('CRR20058', 'CR10012');
INSERT INTO Spring23_S003_4_is_renter_of (ride_id, renter_id) VALUES ('CRR20015', 'CR10043');
INSERT INTO Spring23_S003_4_is_renter_of (ride_id, renter_id) VALUES ('CRR20010', 'CR10013');
INSERT INTO Spring23_S003_4_is_renter_of (ride_id, renter_id) VALUES ('CRR20025', 'CR10024');
INSERT INTO Spring23_S003_4_is_renter_of (ride_id, renter_id) VALUES ('CRR20068', 'CR1001');
INSERT INTO Spring23_S003_4_is_renter_of (ride_id, renter_id) VALUES ('CRR20069', 'CR10037');
INSERT INTO Spring23_S003_4_is_renter_of (ride_id, renter_id) VALUES ('CRR20061', 'CR10013');
INSERT INTO Spring23_S003_4_is_renter_of (ride_id, renter_id) VALUES ('CRR20014', 'CR10012');
INSERT INTO Spring23_S003_4_is_renter_of (ride_id, renter_id) VALUES ('CRR2007', 'CR10013');
INSERT INTO Spring23_S003_4_is_renter_of (ride_id, renter_id) VALUES ('CRR20049', 'CR10027');
INSERT INTO Spring23_S003_4_is_renter_of (ride_id, renter_id) VALUES ('CRR20046', 'CR10039');
INSERT INTO Spring23_S003_4_is_renter_of (ride_id, renter_id) VALUES ('CRR20050', 'CR10042');
INSERT INTO Spring23_S003_4_is_renter_of (ride_id, renter_id) VALUES ('CRR20030', 'CR10051');
INSERT INTO Spring23_S003_4_is_renter_of (ride_id, renter_id) VALUES ('CRR2006', 'CR10043');
INSERT INTO Spring23_S003_4_is_renter_of (ride_id, renter_id) VALUES ('CRR20011', 'CR10047');
INSERT INTO Spring23_S003_4_is_renter_of (ride_id, renter_id) VALUES ('CRR20052', 'CR10024');
INSERT INTO Spring23_S003_4_is_renter_of (ride_id, renter_id) VALUES ('CRR20063', 'CR1003');
INSERT INTO Spring23_S003_4_is_renter_of (ride_id, renter_id) VALUES ('CRR20064', 'CR10034');
INSERT INTO Spring23_S003_4_is_renter_of (ride_id, renter_id) VALUES ('CRR20055', 'CR10016');
INSERT INTO Spring23_S003_4_is_renter_of (ride_id, renter_id) VALUES ('CRR20021', 'CR10022');
INSERT INTO Spring23_S003_4_is_renter_of (ride_id, renter_id) VALUES ('CRR20053', 'CR10058');
INSERT INTO Spring23_S003_4_is_renter_of (ride_id, renter_id) VALUES ('CRR20034', 'CR10010');
INSERT INTO Spring23_S003_4_is_renter_of (ride_id, renter_id) VALUES ('CRR20038', 'CR10043');
INSERT INTO Spring23_S003_4_is_renter_of (ride_id, renter_id) VALUES ('CRR20043', 'CR10054');
INSERT INTO Spring23_S003_4_is_renter_of (ride_id, renter_id) VALUES ('CRR20020', 'CR10027');
INSERT INTO Spring23_S003_4_is_renter_of (ride_id, renter_id) VALUES ('CRR20027', 'CR1007');
INSERT INTO Spring23_S003_4_is_renter_of (ride_id, renter_id) VALUES ('CRR20054', 'CR10037');
INSERT INTO Spring23_S003_4_is_renter_of (ride_id, renter_id) VALUES ('CRR20035', 'CR10043');
INSERT INTO Spring23_S003_4_is_renter_of (ride_id, renter_id) VALUES ('CRR20065', 'CR10058');
INSERT INTO Spring23_S003_4_is_renter_of (ride_id, renter_id) VALUES ('CRR20031', 'CR1006');
INSERT INTO Spring23_S003_4_is_renter_of (ride_id, renter_id) VALUES ('CRR20056', 'CR1003');
INSERT INTO Spring23_S003_4_is_renter_of (ride_id, renter_id) VALUES ('CRR2005', 'CR10032');
